time,latitude,longitude,depth,mag,magType,nst,gap,dmin,rms,net,id,updated,place,type,horizontalError,depthError,magError,magNst,status,locationSource,magSource
2022-11-04T10:02:46.659Z,28.1745,-112.3029,10,6.1,mww,173,90,0.853,0.71,us,us7000imgl,2022-11-07T17:11:47.771Z,"80 km SSW of Bahía de Kino, Mexico",earthquake,5.88,1.854,0.039,63,reviewed,us,us
2021-12-20T20:10:31.310Z,40.3901667,-124.298,27.04,6.2,mw,33,170,0.06557,0.13,nc,nc73666231,2022-11-14T20:20:40.727Z,"7km N of Petrolia, CA",earthquake,0.46,0.34,,0,reviewed,nc,nc
2021-12-20T20:10:20.310Z,40.2978333,-124.626,16.51,5.65,ml,63,234,0.217,0.18,nc,nc71127029,2022-03-01T16:38:21.040Z,"29km W of Petrolia, CA",earthquake,0.9,0.42,0.146,3,reviewed,nc,nc
2021-07-31T15:39:20.854Z,27.5909,-111.497,10,5.5,mww,,113,0.714,1.26,us,us6000f109,2022-08-06T18:14:05.256Z,"60 km SW of San Carlos, Mexico",earthquake,5.1,1.1,0.03,106,reviewed,us,us
2021-07-08T22:49:48.110Z,38.5075,-119.4998333,7.45,6,mw,42,100,0.04846,0.06,nc,nc73584926,2022-07-08T22:59:55.234Z,"Antelope Valley, CA",earthquake,0.14,0.25,,0,reviewed,nc,nc
2020-06-24T17:40:49.240Z,36.4468333,-117.9751667,4.66,5.8,mw,48,67,0.08494,0.19,ci,ci39493944,2022-06-10T06:43:47.206Z,"18km SSE of Lone Pine, CA",earthquake,0.18,0.66,,6,reviewed,ci,ci
2020-06-04T01:32:11.140Z,35.6148333,-117.4281667,8.44,5.51,mw,85,45,0.0396,0.21,ci,ci39462536,2022-03-10T05:19:58.179Z,"17km S of Searles Valley, CA",earthquake,0.15,0.45,,6,reviewed,ci,ci
2020-05-15T11:03:27.176Z,38.1689,-117.8497,2.7,6.5,ml,27,55.79,0.357,0.2669,nn,nn00725272,2022-05-01T06:43:42.368Z,"Monte Cristo Range, NV Earthquake",earthquake,,2.1,,,reviewed,nn,nn
2020-03-31T23:52:30.781Z,44.4646,-115.1175,12.06,6.5,mww,,31,0.885,0.66,us,us70008jr5,2022-10-21T19:04:25.208Z,"Stanley, Idaho",earthquake,8.5,3.8,0.021,212,reviewed,us,us
2020-03-18T13:09:31.530Z,40.751,-112.0783333,11.9,5.7,mw,54,50,0.04022,0.2,uu,uu60363602,2022-09-28T15:12:28.018Z,"5 km NNE of Magna, Utah",earthquake,0.3,0.39,,0,reviewed,uu,uu
2019-07-06T03:47:53.420Z,35.9011667,-117.7495,5.04,5.5,mw,49,33,0.07334,0.16,ci,ci38457687,2020-07-09T21:44:24.632Z,"15km ESE of Little Lake, CA",earthquake,0.13,0.5,,4,reviewed,ci,ci
2019-07-06T03:19:53.040Z,35.7695,-117.5993333,8,7.1,mw,77,43,0.04616,0.22,ci,ci38457511,2022-11-07T20:23:35.900Z,"18km W of Searles Valley, CA",earthquake,0.19,31.61,0.028,126,reviewed,ci,ci
2019-07-04T17:33:49.000Z,35.7053333,-117.5038333,10.5,6.4,mw,62,47,0.1233,0.16,ci,ci38443183,2022-09-21T04:16:59.831Z,Ridgecrest Earthquake Sequence,earthquake,0.15,0.36,,6,reviewed,ci,ci
2019-06-23T03:53:02.890Z,40.2735,-124.3003333,9.44,5.58,mw,34,159,0.03116,0.17,nc,nc73201181,2021-12-20T21:29:47.348Z,"6km SSW of Petrolia, CA",earthquake,0.34,0.21,,6,reviewed,nc,nc
2018-01-19T16:17:44.720Z,26.6862,-111.0785,10,6.3,mww,,109,1.214,1.45,us,us2000cl83,2022-05-03T19:02:37.382Z,"79 km NNE of Loreto, Mexico",earthquake,5.7,1.8,0.035,79,reviewed,us,us
2017-07-06T06:30:17.000Z,46.8811,-112.5753,12.18,5.8,mww,,62,0.214,0.59,us,us10009757,2022-10-03T21:06:58.889Z,"11 km SE of Lincoln, Montana",earthquake,5.5,3.9,0.021,212,reviewed,us,us
2017-03-29T15:15:23.470Z,25.7127,-110.0237,17,5.7,mww,,68,0.894,0.83,us,us20008vll,2022-05-03T18:57:48.388Z,"71 km WSW of Las Grullas Margen Derecha, Mexico",earthquake,2.6,1.8,0.054,33,reviewed,us,us
2016-12-28T09:13:47.243Z,38.3777,-118.8957,8.8,5.5,ml,33,48.58,0.129,0.2187,nn,nn00570744,2022-05-03T18:07:38.037Z,"28 km SW of Hawthorne, Nevada",earthquake,,2,0.26,18,reviewed,nn,nn
2016-12-28T08:22:12.208Z,38.3904,-118.8972,12.2,5.6,ml,43,42.44,0.123,0.1913,nn,nn00570710,2022-05-03T18:07:18.115Z,"28 km WSW of Hawthorne, Nevada",earthquake,,1.2,0.32,18,reviewed,nn,nn
2016-12-28T08:18:00.613Z,38.3755,-118.8989,11.3,5.6,ml,37,35.89,0.133,0.1599,nn,nn00570709,2022-05-03T18:07:32.651Z,"29 km SW of Hawthorne, Nevada",earthquake,,1,0.35,20,reviewed,nn,nn
2016-09-03T12:02:44.400Z,36.4251,-96.9291,5.557,5.8,mww,,69,,0.7,us,us10006jxs,2022-11-02T17:42:05.109Z,"14 km NW of Pawnee, Oklahoma",earthquake,1.2,6.1,,,reviewed,tul,us
2016-03-28T00:12:54.690Z,30.2073,-114.3078,10,5.5,mww,,107,0.95,0.94,us,us20005ct5,2022-05-03T17:43:27.750Z,"103 km SSE of San Felipe, Mexico",earthquake,4.5,1.8,,,reviewed,us,us
2015-09-13T08:14:08.560Z,24.913,-109.6226,10,6.7,mww,,123,1.256,0.65,us,us20003j4u,2022-08-07T08:15:45.108Z,"95 km SW of Topolobampo, Mexico",earthquake,6.6,2,,,reviewed,us,us
2015-09-13T07:57:33.460Z,24.8094,-109.5138,10,5.6,mww,,117,1.185,1.25,us,us20003j4t,2022-05-03T18:28:54.477Z,"99 km SSW of Topolobampo, Mexico",earthquake,8.1,2,,,reviewed,us,us
2015-01-28T21:08:53.710Z,40.3178333,-124.6066667,16.881,5.72,mw,52,230,0.2459,0.13,nc,nc72387946,2022-05-03T17:11:16.814Z,"40 km SW of Ferndale, California",earthquake,0.54,0.33,,13,reviewed,nc,nc
2014-08-24T10:20:44.070Z,38.2151667,-122.3123333,11.12,6.02,mw,369,28,0.03604,0.18,nc,nc72282711,2022-05-03T18:17:55.653Z,South Napa,earthquake,0.11,0.15,,0,reviewed,nc,nc
2014-08-10T18:46:17.970Z,27.6814,-111.6319,10,5.5,mww,,78,0.65,1.29,us,usb000s1qs,2022-07-26T21:59:03.868Z,"65 km WSW of San Carlos, Mexico",earthquake,,1.8,,,reviewed,us,us
2013-10-19T17:54:54.700Z,26.0913,-110.3209,9.45,6.6,mww,,44,1.98,1.1,us,usb000khbc,2022-08-06T18:28:09.459Z,"98 km SW of Etchoropo, Mexico",earthquake,,3,,,reviewed,us,us
2013-05-24T03:47:08.180Z,40.1918333,-121.0595,7.968,5.69,mw,32,69,0.08649,0.08,nc,nc71996906,2022-08-06T15:40:22.649Z,"2 km NNE of Canyondam, California",earthquake,0.26,0.68,,5,reviewed,nc,nc
2013-01-13T16:28:26.220Z,25.891,-110.103,10,5.7,mww,429,60.1,,1.03,us,usp000jyce,2022-05-03T16:03:25.930Z,"76 km W of Las Grullas Margen Derecha, Mexico",earthquake,,,,,reviewed,us,us
2012-12-14T10:36:01.590Z,31.095,-119.66,13,6.3,mww,760,20.9,,1.29,us,usp000jwyb,2022-08-08T22:41:13.593Z,"279 km SSW of Avalon, California",earthquake,,,,,reviewed,us,us
2012-10-08T06:26:23.020Z,25.127,-109.574,14,5.9,mww,520,35.8,,1.11,us,usp000jtqn,2022-05-03T17:12:03.451Z,"74 km SW of Topolobampo, Mexico",earthquake,,,,,reviewed,us,us
2012-09-25T23:45:24.940Z,24.666,-110.173,10,6.3,mww,659,25.7,,1,us,usp000jsz4,2022-05-03T15:50:45.974Z,"59 km NNE of La Paz, Mexico",earthquake,,,,,reviewed,us,us
2012-04-12T07:15:48.500Z,28.696,-113.104,13,7,mww,474,95.9,,1.18,us,usp000jhr6,2022-05-03T15:36:20.092Z,"69 km ENE of San Luis, Mexico",earthquake,,,,,reviewed,us,us
2012-04-12T07:06:00.570Z,28.837,-113.027,9,6,mwb,397,102.9,,1.15,us,usp000jhr3,2022-05-03T15:36:06.589Z,"83 km ENE of San Luis, Mexico",earthquake,,,,,reviewed,us,us
2012-02-13T21:07:02.770Z,41.1431667,-123.7903333,27.358,5.6,mw,41,72,0.1766,0.27,nc,nc71734741,2022-08-06T09:06:40.577Z,"26 km NNW of Willow Creek, California",earthquake,0.43,1.19,,4,reviewed,nc,nc
2011-11-06T03:53:10.000Z,35.532,-96.765,5.2,5.7,mww,474,17.1,,,us,usp000jadn,2022-08-07T11:15:35.953Z,"8 km NW of Prague, Oklahoma",earthquake,,,,,reviewed,tul,us
2011-08-23T17:51:04.250Z,37.9096667,-77.9363333,6,5.8,mw,23,80,,0.48,se,se609212,2022-10-31T04:32:18.777Z,"11 km SSW of Mineral, Virginia",earthquake,1.9,2.4,,0,reviewed,se,se
2011-07-26T17:44:20.380Z,25.101,-109.525,12,6,mww,379,81.3,,1.19,us,usp000j5hr,2022-04-08T21:56:02.025Z,"73 km SW of Topolobampo, Mexico",earthquake,,,,,reviewed,us,us
2011-03-12T13:25:59.840Z,25.209,-109.82,12.6,5.6,mwc,145,118.6,,1.36,us,usp000hwfy,2022-04-08T21:39:13.003Z,"79 km SW of Campo Pesquero el Colorado, Mexico",earthquake,,15.1,,,reviewed,us,gcmt
2010-10-21T17:53:13.570Z,24.696,-109.156,13,6.7,mwc,352,50.3,,1.21,us,usp000hncm,2022-07-18T22:42:34.824Z,"97 km SSW of El Huitusi, Mexico",earthquake,,,,,reviewed,us,us
2010-06-15T04:26:58.240Z,32.705,-115.9113333,8.756,5.71,mw,45,71,0.05832,0.2,ci,ci14745580,2022-08-06T03:17:33.097Z,"8km ESE of Ocotillo, CA",earthquake,0.41,0.83,,6,reviewed,ci,ci
2010-04-04T22:50:17.120Z,32.0986667,-115.0481667,10.011,5.7,mw,5,296,0.7811,0.33,ci,ci31957759,2022-05-02T21:51:30.725Z,"12km SSW of Estacion Coahuila, B.C., MX",earthquake,3.14,31.61,,4,reviewed,ci,ci
2010-04-04T22:40:42.360Z,32.2861667,-115.2953333,9.987,7.2,mw,10,239,0.5137,0.11,ci,ci14607652,2022-10-07T15:20:14.228Z,"12km SW of Delta, B.C., MX",earthquake,1.81,31.61,,0,reviewed,ci,ci
2010-02-04T20:20:21.970Z,40.4123333,-124.9613333,23.048,5.88,mw,41,233,0.4802,0.19,nc,nc71348851,2022-08-05T23:49:31.575Z,"61 km WSW of Ferndale, California",earthquake,1.42,7.41,,7,reviewed,nc,nc
2010-01-10T00:27:39.320Z,40.652,-124.6925,28.737,6.5,mw,51,220,0.3225,0.2,nc,nc71338066,2022-08-05T23:26:47.399Z,"37 km WNW of Ferndale, California",earthquake,0.55,1.31,,8,reviewed,nc,nc
2009-12-30T18:48:57.330Z,32.464,-115.1891667,5.971,5.8,mw,19,205,0.324,0.39,ci,ci14565620,2022-08-05T23:13:27.083Z,"12km N of Delta, B.C., MX",earthquake,1.83,31.61,,7,reviewed,ci,ci
2009-08-05T09:13:12.300Z,29.615,-113.789,10,5.8,mwc,223,47.8,,1.32,us,usp000h005,2022-07-15T15:18:19.114Z,"111 km WSW of La Libertad, Mexico",earthquake,,,,,reviewed,us,gcmt
2009-08-03T18:40:50.100Z,29.31,-113.728,10,6.2,mwc,234,48,,1.28,us,usp000gzyf,2022-05-02T21:16:51.203Z,"97 km N of San Luis, Mexico",earthquake,,,,,reviewed,us,gcmt
2009-08-03T17:59:56.170Z,29.039,-112.903,10,6.9,mwc,243,35,,1.29,us,usp000gzyb,2022-07-15T15:06:35.005Z,"96 km WNW of Bahía de Kino, Mexico",earthquake,,,,,reviewed,us,gcmt
2009-08-03T17:55:22.710Z,28.904,-112.997,10,5.5,mb,122,52.7,,1.36,us,usp000gzya,2022-07-15T15:07:11.803Z,"90 km NE of San Luis, Mexico",earthquake,,,,38,reviewed,us,us
2009-07-03T11:00:14.630Z,25.131,-109.754,10,6,mwc,211,56.2,,1.13,us,usp000gyws,2022-07-15T13:06:52.214Z,"82 km SSW of Campo Pesquero el Colorado, Mexico",earthquake,,,,,reviewed,us,us
2008-08-07T02:18:13.830Z,26.64,-111,10,5.5,mwc,149,107.9,,1.33,us,usp000ge0q,2022-05-02T19:43:57.087Z,"77 km NNE of Loreto, Mexico",earthquake,,,,,reviewed,us,gcmt
2008-02-21T14:16:02.821Z,41.1444,-114.8721,7.9,5.9,mw,18,95.21,0.318,0.1855,nn,nn00234425,2022-05-02T20:30:21.272Z,"8 km ENE of Wells, Nevada",earthquake,,1.9,,,reviewed,nn,nn
2007-09-01T19:14:22.640Z,24.902,-109.689,9,6.1,mwc,278,35.9,,1.15,us,usp000fm5s,2022-07-14T03:32:19.450Z,"100 km SW of Topolobampo, Mexico",earthquake,,,,,reviewed,us,gcmt
2007-03-13T02:59:04.400Z,26.261,-110.537,26.1,6,mwb,266,119.5,,1.29,us,usp000f6m4,2022-07-14T07:21:38.008Z,"85 km ENE of Loreto, Mexico",earthquake,,7,,,reviewed,us,us
2007-02-25T15:00:41.150Z,26.146,-110.421,10,5.9,mwb,188,50,,1.35,us,usp000f5m5,2022-05-02T19:56:14.690Z,"94 km E of Loreto, Mexico",earthquake,,,,,reviewed,us,us
2006-09-10T14:56:08.160Z,26.319,-86.606,14,5.9,mwc,590,46.9,,0.83,us,usp000esv9,2022-07-12T23:58:12.779Z,Gulf of Mexico,earthquake,,,,,reviewed,us,gcmt
2006-07-30T01:20:59.250Z,26.864,-111.209,10,5.9,mwb,294,108.1,,1.17,us,usp000epv9,2022-07-14T10:27:39.387Z,"76 km E of Mulegé, Mexico",earthquake,,,,,reviewed,us,us
2006-01-04T08:32:32.400Z,28.164,-112.117,14,6.6,mwc,323,48.2,,1.25,us,usp000e7jp,2022-07-14T12:52:25.557Z,"75 km SSW of Bahía de Kino, Mexico",earthquake,,,,,reviewed,us,hrv
2005-07-26T04:08:37.160Z,45.365,-112.615,12.9,5.6,mwc,458,25.7,,0.74,us,usp000dvxx,2022-05-02T17:16:10.816Z,"16 km N of Dillon, Montana",earthquake,,,,,reviewed,us,hrv
2005-02-22T19:15:49.910Z,25.669,-109.97,10,5.6,mwb,160,66,,1.19,us,usp000dgrs,2022-07-14T17:53:03.071Z,"66 km W of Campo Pesquero el Colorado, Mexico",earthquake,,,,,reviewed,us,us
2004-09-28T17:15:24.250Z,35.8181667,-120.366,8.136,5.97,mw,61,26,0.01622,0.04,nc,nc30228270,2022-05-02T17:28:01.771Z,"10 km SSE of Parkfield, California",earthquake,0.14,0.25,,4,reviewed,nc,nc
2004-09-24T14:43:11.370Z,28.565,-112.725,10,5.9,mwb,286,48.6,,1.13,us,usp000d4zn,2022-05-02T17:27:51.440Z,"81 km WSW of Bahía de Kino, Mexico",earthquake,,,,,reviewed,us,us
2004-02-09T01:24:40.630Z,24.897,-112.393,10,5.5,mwb,171,114.5,,1.29,us,usp000cksm,2022-05-02T17:02:23.214Z,"31 km WNW of Puerto San Carlos, Mexico",earthquake,,,,,reviewed,us,us
2003-12-22T19:15:56.240Z,35.7005,-121.1005,8.382,6.5,mw,65,71,0.04685,0.07,nc,nc21323712,2022-06-18T07:42:45.387Z,"10 km NE of San Simeon, California",earthquake,0.16,0.6,,4,reviewed,nc,nc
2003-11-12T04:54:56.420Z,28.967,-113.219,10,5.6,mwb,289,78,,0.87,us,usp000ccp2,2022-05-02T16:53:36.889Z,"78 km NE of San Luis, Mexico",earthquake,,,,,reviewed,us,us
2003-04-15T08:21:17.720Z,25.031,-109.429,10,5.5,mwc,137,178,,1.15,us,usp000bv7v,2022-05-02T15:52:34.942Z,"73 km SSW of Topolobampo, Mexico",earthquake,,,,,reviewed,us,hrv
2003-03-12T23:41:32.920Z,26.556,-110.587,10,6.4,mwb,288,57.9,,1.14,us,usp000bshh,2022-05-02T16:27:35.589Z,"87 km SW of Paredón Colorado, Mexico",earthquake,,,,,reviewed,us,us
2002-02-22T19:32:41.750Z,32.3188333,-115.3215,7.007,5.7,mw,20,217.5,0.4751,0.38,ci,ci12456384,2022-05-02T15:45:48.377Z,"13km WSW of Delta, B.C., MX",earthquake,2.44,31.95,,0,reviewed,ci,ci
2001-12-08T23:36:10.110Z,31.9976667,-115.0016667,6.981,5.7,mw,12,261.5,0.6721,0.3,ci,ci9732601,2022-06-18T04:42:40.445Z,"22km S of Estacion Coahuila, B.C., MX",earthquake,4.65,28,,6,reviewed,ci,ci
2001-02-28T18:54:32.830Z,47.149,-122.7266667,51.798,6.8,md,67,31,,0.2,uw,uw10530748,2022-09-12T04:48:44.890Z,"7 km SSE of Longbranch, Washington",earthquake,0.517,0.92,0.03,0,reviewed,uw,uw
2000-03-24T04:23:45.750Z,27.551,-111.303,10,5.6,mwc,,,,1.35,us,usp0009q39,2022-04-29T19:02:52.631Z,"51 km SSW of San Carlos, Mexico",earthquake,,,,,reviewed,us,hrv
1999-10-16T09:59:38.000Z,34.24,-117.04,6,5.6,mb,,,,,ci,ci10180015,2020-07-09T21:09:47.651Z,"7km ENE of Running Springs, CA",earthquake,,,,0,reviewed,ci,ci
1999-10-16T09:59:35.390Z,34.6781667,-116.2895,13.906,5.77,ml,60,76,,0.35,ci,ci3320848,2020-07-09T21:30:41.719Z,"13km WSW of Ludlow, CA",earthquake,0.56,1.72,,270,reviewed,ci,ci
1999-10-16T09:46:44.460Z,34.6033333,-116.265,13.73,7.1,mw,73,57,,0.31,ci,ci9108652,2022-08-09T07:20:25.134Z,"Hector Mine, CA Earthquake",earthquake,0.35,31.61,,0,reviewed,ci,ci
1999-08-01T16:06:22.000Z,37.39,-117.08,7.6,5.7,mwc,,,,,us,usp0009cef,2022-04-29T18:15:35.236Z,"37 km SSE of Goldfield, Nevada",earthquake,,,,,reviewed,ren,hrv
1999-07-03T01:43:54.370Z,47.074,-123.4636667,40.014,5.8,md,48,85,,0.21,uw,uw10474303,2022-04-29T18:13:40.196Z,"8 km N of Satsop, Washington",earthquake,0.085,0.06,0.05,6,reviewed,uw,uw
1999-05-15T13:22:10.660Z,37.5296667,-118.8171667,2.934,5.5,mw,31,112,0.05495,0.04,nc,nc21014765,2022-04-29T18:24:26.524Z,"9 km WSW of Aspen Springs, California",earthquake,0.25,0.51,,6,reviewed,nc,nc
1997-01-22T07:17:16.810Z,40.2736667,-124.3791667,23.007,5.6,mw,27,217,0.06036,0.08,nc,nc492079,2022-04-29T16:41:45.044Z,"33 km SW of Scotia, California",earthquake,0.94,0.49,,3,reviewed,nc,nc
1996-10-01T19:09:03.370Z,26.475,-110.862,10,5.5,mwc,,,,1.04,us,usp0007qtt,2022-04-29T20:35:13.911Z,"70 km NE of Loreto, Mexico",earthquake,,,,,reviewed,us,hrv
1996-03-19T15:31:36.440Z,25.006,-109.329,10,5.8,mwc,,,,1.2,us,usp0007ezf,2022-04-29T20:13:46.034Z,"71 km SSW of Topolobampo, Mexico",earthquake,,,,,reviewed,us,hrv
1995-09-20T23:27:36.270Z,35.761,-117.638,4.688,5.75,ml,0,88.2,,0.195,ci,ci3231786,2022-04-29T19:57:03.583Z,"16km NNE of Ridgecrest, California",earthquake,,0.469,,37,reviewed,ci,ci
1995-08-28T10:46:12.060Z,26.092,-110.284,12.2,6.6,mwb,,,,1.1,us,usp00072k0,2022-04-29T20:00:40.433Z,"95 km SW of Etchoropo, Mexico",earthquake,,,,,reviewed,us,us
1995-06-30T11:58:56.880Z,24.688,-110.228,10,6.2,mw,,,,1.1,us,usp0006zy0,2022-04-29T16:43:55.049Z,"60 km N of La Paz, Mexico",earthquake,,,,,reviewed,us,hrv
1995-04-14T00:32:56.170Z,30.285,-103.347,17.8,5.7,mw,,,,1,us,usp0006vmm,2022-04-29T17:24:10.318Z,"13 km NW of Marathon, Texas",earthquake,,,,,reviewed,us,hrv
1994-09-12T12:23:43.250Z,38.819,-119.652,14,6.1,mwb,,,,,us,usp0006j9b,2022-04-28T17:31:44.169Z,"4 km S of Carter Springs, Nevada",earthquake,,,,,reviewed,nc,us
1994-05-12T00:22:23.000Z,25.068,-109.294,10,5.6,mw,,,,1.3,us,usp0006ce8,2022-04-28T17:42:09.080Z,"63 km SSW of Topolobampo, Mexico",earthquake,,,,,reviewed,us,hrv
1994-03-18T02:20:18.750Z,24.788,-109.109,10,5.7,mw,,,,1.1,us,usp00069un,2022-04-28T17:48:24.571Z,"86 km SSW of El Huitusi, Mexico",earthquake,,,,,reviewed,us,hrv
1994-02-03T09:05:04.200Z,42.762,-110.976,7.9,5.8,mw,,,,0.9,us,usp00067xb,2022-04-28T17:48:51.903Z,"4 km SSE of Auburn, Wyoming",earthquake,,,,,reviewed,us,hrv
1994-01-17T23:33:30.690Z,34.326,-118.698,9.083,5.58,ml,0,23.9,,0.317,ci,ci3141273,2022-04-28T17:52:51.734Z,"7km NNE of Simi Valley, California",earthquake,,0.84,,28,reviewed,ci,ci
1994-01-17T12:31:58.120Z,34.275,-118.493,5.317,5.89,ml,0,142.2,0.2557,0.494,ci,ci3149646,2020-07-09T21:21:19.090Z,"1km ENE of Granada Hills, California",earthquake,,,,4,reviewed,ci,ci
1994-01-17T12:30:55.390Z,34.213,-118.537,18.202,6.7,mw,0,29.7,,0.31,ci,ci3144585,2022-08-24T02:38:30.220Z,"1km NNW of Reseda, CA",earthquake,,0.403,,0,reviewed,ci,ci
1993-09-21T05:45:35.230Z,42.3575,-122.0583333,8.53,6,md,234,128,,0.08,uw,uw10313838,2022-04-28T18:00:59.603Z,"27 km WNW of Klamath Falls, Oregon",earthquake,0.4,0.85,0.02,3,reviewed,uw,uw
1993-09-21T03:28:55.630Z,42.3161667,-122.0266667,8.56,5.9,md,201,129,,0.09,uw,uw10313718,2022-04-28T18:00:58.445Z,"22 km WNW of Klamath Falls, Oregon",earthquake,0.441,0.93,0.02,3,reviewed,uw,uw
1993-05-17T23:20:50.250Z,37.165,-117.774,3.599,6.1,mw,0,170.4,,0.344,ci,ci3105173,2022-04-28T18:12:46.923Z,"46km E of Big Pine, California",earthquake,,,,0,reviewed,ci,ci
1993-03-25T13:34:35.440Z,45.0351667,-122.6065,19.608,5.6,md,40,67,0.2067,0.39,uw,uw10306313,2022-04-28T18:19:30.298Z,"4 km E of Scotts Mills, Oregon",earthquake,0.934,2.84,,2,reviewed,uw,uw
1993-03-05T08:20:55.370Z,28.71,-113.122,10,5.7,mw,,,,1.1,us,usp0005p0k,2022-04-28T18:17:45.264Z,"68 km ENE of San Luis, Mexico",earthquake,,,,,reviewed,us,hrv
1992-09-02T10:26:20.860Z,37.0998333,-113.4971667,13.91,5.93,ml,12,200,0.5465,0.19,uu,uu50067050,2022-08-09T07:17:20.324Z,"3 km SSE of Washington, Utah",earthquake,1,1.16,,2,reviewed,uu,uu
1992-07-11T18:14:16.160Z,35.21,-118.067,9.564,5.67,ml,0,28.2,,0.178,ci,ci3041390,2022-04-28T18:40:59.420Z,"12km NW of California City, California",earthquake,,0.578,,15,reviewed,ci,ci
1992-06-29T14:08:37.730Z,34.105,-116.403,9.649,5.69,ml,0,89.3,,0.272,ci,ci3031935,2021-03-09T23:59:32.821Z,"3km ESE of Yucca Valley, California",earthquake,,0.801,,12,reviewed,ci,ci
1992-06-29T10:14:22.280Z,36.705,-116.293,8.8,5.8,mw,,,,0.9,us,usp00059w1,2022-04-28T18:45:39.618Z,"47 km ESE of Beatty, Nevada",earthquake,,1.8,,,reviewed,us,hrv
1992-06-28T15:05:30.730Z,34.203,-116.827,3.634,6.3,mw,0,95.4,,0.226,ci,ci3031425,2022-06-29T19:51:18.290Z,"The 1992 Big Bear Earthquake, California",earthquake,,91.295,,0,reviewed,ci,ci
1992-06-28T14:43:21.850Z,34.162,-116.852,9.615,5.53,ml,0,70.9,,0.146,ci,ci2057008,2022-04-28T18:45:27.656Z,"11km SSE of Big Bear Lake, California",earthquake,,2.031,,11,reviewed,ci,ci
1992-06-28T12:01:16.190Z,34.12,-116.323,5.706,5.7,ml,0,251.6,,0.224,ci,ci3043630,2020-07-09T21:19:16.170Z,"2km SSW of Joshua Tree, California",earthquake,,,,9,reviewed,ci,ci
1992-06-28T12:00:45.000Z,34.131,-116.408,-1.1,5.77,ml,0,158.7,,0.194,ci,ci3043549,2020-07-09T21:19:03.350Z,"3km NE of Yucca Valley, California",earthquake,,2.73,,11,reviewed,ci,ci
1992-06-28T11:57:34.130Z,34.2,-116.437,-0.097,7.3,mw,0,43.4,,0.194,ci,ci3031111,2022-11-04T11:34:43.646Z,"The 1992 Landers Earthquake, California",earthquake,,0.31,,0,reviewed,ci,ci
1992-04-26T11:18:25.980Z,40.3828333,-124.555,21.713,6.57,mw,25,247,0.1901,0.07,nc,nc268078,2022-04-28T18:50:48.286Z,"32 km SW of Ferndale, California",earthquake,1.09,0.35,,1,reviewed,nc,nc
1992-04-26T07:41:40.090Z,40.4325,-124.566,18.824,6.45,mw,34,248,0.1802,0.12,nc,nc268031,2022-04-28T18:50:46.737Z,"30 km WSW of Ferndale, California",earthquake,1.31,0.34,,1,reviewed,nc,nc
1992-04-25T18:06:05.180Z,40.3353333,-124.2286667,9.856,7.2,mh,9,115,0.1072,0.07,nc,nc269151,2022-04-28T17:23:56.852Z,"19 km SSW of Scotia, California",earthquake,0.33,0.64,,0,reviewed,nc,nc
1992-04-23T04:50:23.230Z,33.96,-116.317,11.629,6.1,mw,0,63.1,,0.256,ci,ci3019681,2022-05-06T23:11:15.256Z,"The 1992 Joshua Tree Earthquake, California",earthquake,,0.216,,0,reviewed,ci,ci
1992-03-26T16:30:00.000Z,37.272,-116.36,0,5.5,mb,,,,,us,usp00054w1,2016-04-02T08:38:56.423Z,"53 km NE of Beatty, Nevada",nuclear explosion,,,,81,reviewed,doe,us
1991-12-26T00:22:18.420Z,25.307,-109.693,10,5.6,ms,,,,1.4,us,usp00050yv,2022-04-28T18:58:16.632Z,"62 km SW of Campo Pesquero el Colorado, Mexico",earthquake,,,,6,reviewed,us,us
1991-09-14T19:00:00.050Z,37.226,-116.428,0,5.5,mb,,,,,us,usp0004wmv,2016-02-04T22:36:59.500Z,"45 km NE of Beatty, Nevada",nuclear explosion,,,,75,reviewed,doe,us
1991-08-17T19:29:40.000Z,40.2516667,-124.2858333,8.32,6,ml,32,196,0.1063,0.09,nc,nc228027,2022-04-28T19:05:31.058Z,"30 km SSW of Scotia, California",earthquake,0.36,0.41,,0,reviewed,nc,nc
1991-06-28T14:43:54.660Z,34.27,-117.993,8.049,5.8,mw,0,14.3,,0.264,ci,ci2021449,2022-06-17T21:03:14.010Z,"13km NNE of Sierra Madre, CA",earthquake,,0.304,,0,reviewed,ci,ci
1991-04-04T19:00:00.000Z,37.296,-116.313,0,5.6,mb,,,,,us,usp0004py1,2016-04-01T23:08:58.232Z,"58 km NE of Beatty, Nevada",nuclear explosion,,,,70,reviewed,doe,us
1990-10-24T06:15:19.950Z,38.0618333,-119.1191667,10.903,5.8,ml,124,173,0.3577,0.13,nc,nc20092556,2022-04-28T19:36:13.102Z,"3 km NE of Mono City, California",earthquake,0.23,0.32,,0,reviewed,nc,nc
1990-10-12T17:30:00.080Z,37.248,-116.494,0,5.6,mb,,,,,us,usp0004fp1,2016-04-02T02:30:31.214Z,"44 km NNE of Beatty, Nevada",nuclear explosion,,,,75,reviewed,doe,us
1990-06-13T16:00:00.010Z,37.262,-116.42,0,5.7,mb,,,,,us,usp0004af6,2016-04-02T02:32:53.068Z,"49 km NE of Beatty, Nevada",nuclear explosion,,,,85,reviewed,doe,us
1990-03-16T15:52:42.630Z,24.897,-109.035,10,6.1,mw,,,,1.3,us,usp00046pp,2022-04-28T19:55:56.345Z,"72 km SSW of El Huitusi, Mexico",earthquake,,,,,reviewed,us,hrv
1990-02-28T23:43:36.750Z,34.144,-117.697,3.292,5.51,ml,0,30.9,,0.27,ci,ci1053635,2022-09-08T16:44:41.918Z,"6km NNE of Claremont, CA",earthquake,,0.155,,14,reviewed,ci,ci
1989-12-08T15:00:00.090Z,37.231,-116.409,0,5.5,mb,,,,,us,usp00042vm,2016-04-01T20:01:58.462Z,"47 km NE of Beatty, Nevada",nuclear explosion,,,,61,reviewed,doe,us
1989-11-26T19:00:59.830Z,25.892,-110.076,10,5.6,mw,,,,1.3,us,usp00042ey,2022-04-28T20:08:14.903Z,"74 km W of Las Grullas Margen Derecha, Mexico",earthquake,,,,,reviewed,us,hrv
1989-10-31T15:30:00.090Z,37.263,-116.491,0,5.7,mb,,,,,us,usp00041hu,2016-04-02T18:30:19.105Z,"46 km NNE of Beatty, Nevada",nuclear explosion,,,,55,reviewed,doe,us
1989-10-18T00:04:15.190Z,37.0361667,-121.8798333,17.214,6.9,mh,84,89,0.008108,0.08,nc,nc216859,2022-11-04T17:41:25.124Z,"Loma Prieta, California Earthquake",earthquake,0.21,0.31,,0,reviewed,nc,nc
1988-11-25T23:46:04.500Z,48.117,-71.183,28.9,5.9,mw,,,,,us,usp0003p6p,2022-04-28T20:31:44.994Z,"33 km S of Jonquière, Canada",earthquake,,,,,reviewed,ott,hrv
1988-10-13T14:00:00.080Z,37.089,-116.049,0,5.9,mb,,,,,us,usp0003msv,2016-04-02T18:30:37.298Z,"66 km ENE of Beatty, Nevada",nuclear explosion,,,,82,reviewed,doe,us
1988-08-17T17:00:00.090Z,37.297,-116.307,0,5.5,mb,,,,,us,usp0003k3a,2016-02-04T05:34:57.020Z,"58 km NE of Beatty, Nevada",nuclear explosion,,,,82,reviewed,doe,us
1988-07-07T15:05:30.070Z,37.252,-116.377,0,5.6,mb,,,,,us,usp0003hpc,2016-04-02T02:33:56.621Z,"51 km NE of Beatty, Nevada",nuclear explosion,,,,65,reviewed,doe,us
1988-06-18T22:49:42.370Z,26.856,-110.996,10,6.7,mw,,,,1.2,us,usp0003h35,2022-04-28T20:44:43.672Z,"76 km SW of Bahía de Lobos, Mexico",earthquake,,,,,reviewed,us,hrv
1988-02-12T05:23:56.470Z,30.105,-113.896,10,5.8,mw,,,,1.7,us,usp0003cyu,2022-04-28T20:53:49.098Z,"118 km W of La Libertad, Mexico",earthquake,,,,,reviewed,us,hrv
1987-11-24T13:15:56.710Z,33.015,-115.852,11.181,6.6,mw,0,51.3,,0.388,ci,ci628016,2022-04-27T21:30:24.666Z,"22km W of Westmorland, CA",earthquake,,0.765,,0,reviewed,ci,ci
1987-11-24T01:54:14.660Z,33.09,-115.792,10.853,6.2,mw,0,35.4,,0.321,ci,ci134894,2022-04-27T21:30:15.075Z,"17km WNW of Westmorland, CA",earthquake,,0.453,,0,reviewed,ci,ci
1987-10-01T14:42:20.020Z,34.061,-118.079,14.6,5.9,mw,0,44.4,,0.178,ci,ci731691,2022-09-11T16:31:29.412Z,"2km SSW of Rosemead, CA",earthquake,,0.023,,0,reviewed,ci,ci
1987-09-24T15:00:00.060Z,37.228,-116.375,0,5.7,mb,,,,,us,usp00038p8,2016-04-02T08:57:59.754Z,Nevada,nuclear explosion,,,,67,reviewed,doe,us
1987-08-13T14:00:00.090Z,37.061,-116.045,0,5.9,mb,,,,,us,usp00037ga,2016-04-01T23:18:10.413Z,"63 km NNW of Indian Springs, Nevada",nuclear explosion,,,,71,reviewed,doe,us
1987-07-31T23:56:57.830Z,40.4156667,-124.3826667,16.895,5.6,ml,20,243,0.06937,0.06,nc,nc10083966,2022-04-27T21:41:01.061Z,"20 km SSW of Ferndale, California",earthquake,0.84,0.21,,4,reviewed,nc,nc
1987-04-30T13:30:00.090Z,37.233,-116.423,0,5.5,mb,,,,,us,usp00034ku,2016-04-02T08:57:10.651Z,"46 km NE of Beatty, Nevada",nuclear explosion,,,,67,reviewed,doe,us
1987-04-18T13:40:00.600Z,37.248,-116.509,0,5.5,mb,,,,,us,usp000348v,2016-04-02T02:33:42.921Z,"43 km NNE of Beatty, Nevada",nuclear explosion,,,,72,reviewed,doe,us
1986-12-13T17:50:05.090Z,37.263,-116.412,0,5.5,mb,,,,,us,usp00030v1,2016-04-02T08:58:52.315Z,"50 km NE of Beatty, Nevada",nuclear explosion,,,,73,reviewed,doe,us
1986-11-14T16:00:00.070Z,37.1,-116.048,0,5.8,mb,,,,,us,usp0002zzw,2016-04-02T05:49:07.823Z,"66 km SSW of Rachel, Nevada",nuclear explosion,,,,79,reviewed,doe,us
1986-10-16T19:25:00.090Z,37.22,-116.462,0,5.6,mb,,,,,us,usp0002z08,2016-04-01T23:19:40.252Z,"43 km NE of Beatty, Nevada",nuclear explosion,,,,80,reviewed,doe,us
1986-09-30T22:30:00.100Z,37.3,-116.307,0,5.5,mb,,,,,us,usp0002yj1,2016-04-01T23:19:10.951Z,"59 km NE of Beatty, Nevada",nuclear explosion,,,,73,reviewed,doe,us
1986-07-31T07:22:39.770Z,37.4731667,-118.3686667,5.754,5.8,ml,45,81,0.05405,0.07,nc,nc78895,2022-04-27T22:11:26.062Z,"10 km NNE of Dixon Lane-Meadow Creek, California",earthquake,0.26,0.63,,7,reviewed,nc,nc
1986-07-21T22:07:15.640Z,37.6213333,-118.3425,-0.076,5.6,ml,18,296,0.2495,0.05,nc,nc95459,2022-04-27T22:10:26.056Z,"24 km WSW of Dyer, Nevada",earthquake,3,7.22,,6,reviewed,nc,nc
1986-07-21T14:51:09.370Z,37.4931667,-118.4538333,8.482,5.7,ml,28,198,0.1126,0.04,nc,nc10085764,2020-07-07T22:29:38.484Z,"11 km NE of Mesa, California",earthquake,0.71,1.28,,6,reviewed,nc,nc
1986-07-21T14:42:26.000Z,37.538,-118.4428333,8.804,6.4,ml,42,55,0.09369,0.06,nc,nc10085763,2022-04-27T22:10:20.652Z,"15 km NNE of Mesa, California",earthquake,0.22,0.77,,7,reviewed,nc,nc
1986-07-20T14:29:45.440Z,37.5666667,-118.4381667,5.044,5.9,ml,41,54,0.08108,0.04,nc,nc99451,2022-04-27T22:10:17.257Z,"18 km NNE of Mesa, California",earthquake,0.19,0.85,,7,reviewed,nc,nc
1986-07-17T21:00:00.060Z,37.279,-116.356,0,5.7,mb,,,,,us,usp0002w4a,2016-04-02T18:32:27.191Z,"54 km NE of Beatty, Nevada",nuclear explosion,,,,81,reviewed,doe,us
1986-07-08T09:20:44.560Z,33.999,-116.608,9.468,6,mw,0,26.6,,0.092,ci,ci700917,2022-08-07T10:32:01.144Z,"6km SSW of Morongo Valley, CA",earthquake,,0.015,,0,reviewed,ci,ci
1986-06-25T20:27:45.100Z,37.265,-116.499,0,5.5,mb,,,,,us,usp0002vdk,2016-02-04T01:25:04.400Z,"45 km NNE of Beatty, Nevada",earthquake,,,,77,reviewed,doe,us
1986-03-31T11:55:39.810Z,37.4791667,-121.6866667,8.502,5.7,ml,87,65,0.02703,0.06,nc,nc68932,2022-04-27T22:23:44.508Z,"15 km NE of East Foothills, California",earthquake,0.13,0.41,,6,reviewed,nc,nc
1986-01-26T19:20:50.950Z,36.8043333,-121.285,8.153,5.5,ml,91,27,0.05946,0.05,nc,nc64626,2022-04-27T22:27:13.812Z,"3 km ENE of Tres Pinos, California",earthquake,0.12,0.21,,8,reviewed,nc,nc
1985-12-05T15:00:00.070Z,37.053,-116.045,0,5.7,mb,,,,,us,usp0002nju,2016-04-02T09:01:23.095Z,"63 km NNW of Indian Springs, Nevada",nuclear explosion,,,,89,reviewed,doe,us
1985-08-04T12:01:55.870Z,36.143,-120.1563333,15.89,5.6,ml,45,163,0.09009,0.08,nc,nc52348,2022-04-27T22:38:43.744Z,"8 km SW of Huron, California",earthquake,0.27,0.55,,0,reviewed,nc,nc
1985-06-12T15:15:00.080Z,37.248,-116.489,0,5.5,mb,,,,,us,usp0002fs6,2016-04-02T12:15:07.977Z,"44 km NNE of Beatty, Nevada",nuclear explosion,,,,67,reviewed,doe,us
1985-05-02T15:20:00.080Z,37.253,-116.325,0,5.7,mb,,,,,us,usp0002ed1,2016-04-02T18:32:34.648Z,"54 km NE of Beatty, Nevada",nuclear explosion,,,,81,reviewed,doe,us
1985-04-02T20:00:00.090Z,37.095,-116.032,0,5.7,mb,,,,,us,usp0002dde,2016-04-02T08:59:28.528Z,"66 km SSW of Rachel, Nevada",earthquake,,,,87,reviewed,doe,us
1984-12-09T19:40:00.090Z,37.27,-116.498,0,5.5,mb,,,,,us,usp00029ws,2016-04-02T12:22:25.242Z,"46 km NNE of Beatty, Nevada",nuclear explosion,,,,89,reviewed,doe,us
1984-11-26T16:21:40.810Z,37.4473333,-118.6476667,5.955,5.6,ml,35,125,0.09009,0.05,nc,nc39753,2021-02-18T19:01:44.263Z,"6 km WNW of Round Valley, California",earthquake,0.34,1.24,,0,reviewed,nc,nc
1984-11-23T19:12:34.680Z,37.4321667,-118.6071667,10.516,5.5,ml,47,80,0.02613,0.06,nc,nc32650,2022-04-27T23:09:05.002Z,"2 km NW of Round Valley, California",earthquake,0.25,0.68,,8,reviewed,nc,nc
1984-11-23T18:08:25.360Z,37.4596667,-118.6071667,8.096,6.1,ml,31,66,0.1135,0.08,nc,nc32321,2022-04-27T23:08:57.643Z,"4 km NNW of Round Valley, California",earthquake,0.39,0.84,,0,reviewed,nc,nc
1984-10-09T23:02:28.820Z,24.886,-109.01,10,5.6,mw,,,,1.1,us,usp000281e,2022-04-27T23:10:29.962Z,"72 km SSW of El Huitusi, Mexico",earthquake,,,,,reviewed,us,hrv
1984-08-22T09:46:30.250Z,44.467,-114.008,10,5.6,mw,,,,1,us,usp00026m2,2022-04-27T23:15:04.769Z,"18 km ESE of Challis, Idaho",earthquake,,,,,reviewed,us,hrv
1984-05-31T13:04:00.100Z,37.103,-116.048,0,5.8,mb,,,,,us,usp00024s3,2016-04-01T23:20:39.265Z,"65 km SSW of Rachel, Nevada",nuclear explosion,,,,85,reviewed,doe,us
1984-04-24T21:15:18.760Z,37.3096667,-121.6788333,8.193,6.2,ml,101,26,0.05135,0.06,nc,nc17204,2022-04-27T23:27:43.358Z,"14 km E of Seven Trees, California",earthquake,0.11,0.31,,0,reviewed,nc,nc
1984-03-01T17:45:00.090Z,37.066,-116.046,0,5.9,mb,,,,,us,usp00022cq,2016-02-02T20:12:59.080Z,"64 km NNW of Indian Springs, Nevada",nuclear explosion,,,,75,reviewed,doe,us
1984-02-10T16:51:20.890Z,28.271,-112.144,10,6,mw,,,,1.1,us,usp00021vn,2022-04-27T23:34:34.606Z,"64 km SSW of Bahía de Kino, Mexico",earthquake,,,,,reviewed,us,hrv
1983-10-29T23:39:05.530Z,44.281,-114.115,10,5.5,mb,,,,0.8,us,usp0001zda,2022-04-27T23:49:13.946Z,"22 km E of Clayton, Idaho",earthquake,,,,57,reviewed,us,us
1983-10-28T14:06:06.610Z,44.058,-113.857,10,6.9,mw,,,,1.1,us,usp0001zbv,2022-06-17T21:18:29.075Z,"The 1983 Borah Peak Earthquake, Idaho",earthquake,,,,,reviewed,us,nc
1983-08-24T13:36:28.830Z,40.372,-124.9245,11.188,5.5,ml,41,257,0.4604,0.14,nc,nc1100970,2022-04-27T23:53:32.460Z,"60 km WSW of Ferndale, California",earthquake,1.65,2.18,,0,reviewed,nc,nc
1983-05-02T23:46:06.000Z,36.23,-120.29,8,5.5,mb,,,,,us,usp0001uxb,2021-03-09T23:55:28.978Z,"11 km NNE of Coalinga, California",earthquake,,,,3,reviewed,brk,us
1983-05-02T23:42:38.060Z,36.2316667,-120.312,9.578,6.7,ml,64,137,0.03063,0.07,nc,nc1091100,2022-09-16T03:43:34.191Z,"11 km NNE of Coalinga, California",earthquake,0.28,0.24,,0,reviewed,nc,nc
1983-04-14T19:05:00.120Z,37.073,-116.046,0,5.7,mb,,,,,us,usp0001ufa,2016-02-02T20:10:21.200Z,"65 km NNW of Indian Springs, Nevada",nuclear explosion,,,,73,reviewed,doe,us
1982-08-05T14:00:00.090Z,37.084,-116.007,0,5.7,mb,,,,,us,usp0001nv7,2016-02-02T21:07:54.080Z,"64 km NNW of Indian Springs, Nevada",nuclear explosion,,,,93,reviewed,doe,us
1982-06-24T14:15:00.090Z,37.236,-116.37,0,5.6,mb,,,,,us,usp0001n3x,2016-04-01T23:47:59.529Z,"50 km NE of Beatty, Nevada",nuclear explosion,,,,74,reviewed,doe,us
1982-05-07T18:17:00.110Z,37.069,-116.045,0,5.7,mb,,,,,us,usp0001m5d,2016-04-02T12:40:41.370Z,"64 km NNW of Indian Springs, Nevada",nuclear explosion,,,,76,reviewed,doe,us
1982-02-12T15:25:00.090Z,37.348,-116.316,0,5.6,mb,,,,,us,usp0001jkz,2016-04-02T19:31:37.433Z,"60 km WSW of Rachel, Nevada",nuclear explosion,,,,78,reviewed,doe,us
1982-02-07T19:18:17.210Z,29.035,-113.053,10,5.6,ms,,,,1.1,us,usp0001jh9,2022-04-28T00:43:15.554Z,"95 km NE of San Luis, Mexico",earthquake,,,,2,reviewed,us,us
1982-01-28T16:00:00.100Z,37.091,-116.051,0,5.9,mb,,,,,us,usp0001jc9,2016-04-02T16:42:48.000Z,"66 km ENE of Beatty, Nevada",nuclear explosion,,,,84,reviewed,doe,us
1982-01-09T12:53:51.880Z,46.984,-66.656,10.1,5.7,mb,,,,,us,usp0001hym,2022-04-28T00:44:13.196Z,"86 km E of Hamlin, Maine",earthquake,,,,49,reviewed,spe,us
1981-09-30T11:53:26.190Z,37.5838333,-118.8645,3.126,5.9,ml,18,83,0.03243,0.07,nc,nc1068066,2022-04-28T00:56:09.385Z,"11 km SE of Mammoth Lakes, California",earthquake,0.27,0.49,,6,reviewed,nc,nc
1981-06-06T18:00:00.080Z,37.303,-116.326,0,5.5,mb,,,,,us,usp0001e1c,2016-04-02T09:36:10.483Z,"58 km NE of Beatty, Nevada",nuclear explosion,,,,61,reviewed,doe,us
1981-04-26T12:09:28.290Z,33.0955,-115.6245,18.904,5.75,ml,81,34,,0.34,ci,ci514869,2022-04-28T01:07:29.413Z,"6km N of Westmorland, CA",earthquake,0.56,0.67,0.161,6,reviewed,ci,ci
1981-01-15T20:25:00.100Z,37.087,-116.045,0,5.6,mb,,,,,us,usp0001br5,2016-02-02T22:45:05.320Z,"66 km NNW of Indian Springs, Nevada",explosion,,,,,reviewed,a,us
1980-11-08T10:27:34.000Z,41.117,-124.253,19,7.2,mw,,,,,us,usp0001aq1,2022-04-28T01:20:13.409Z,"11 km WSW of Big Lagoon, California",earthquake,,,,,reviewed,us,1023
1980-07-25T19:05:00.100Z,37.256,-116.477,0,5.5,mb,,,,,us,usp0001934,2016-02-03T00:16:28.180Z,"46 km NNE of Beatty, Nevada",nuclear explosion,,,,,reviewed,a,us
1980-06-12T17:15:00.100Z,37.282,-116.454,0,5.6,mb,,,,,us,usp000185x,2016-04-01T21:51:42.934Z,"49 km NNE of Beatty, Nevada",nuclear explosion,,,,,reviewed,a,us
1980-06-09T03:28:19.140Z,32.1998333,-115.1221667,6,6.3,mw,16,233,0.5968,0.62,ci,ci9730174,2022-04-28T01:34:05.175Z,"5km SE of Alberto Oviedo Mota, B.C., MX",earthquake,4.51,31.61,,0,reviewed,ci,ci
1980-05-27T14:50:56.810Z,37.5033333,-118.8055,13.795,6.2,ml,19,183,0.04685,0.12,nc,nc1053177,2022-04-28T01:38:22.383Z,"9 km SW of Aspen Springs, California",earthquake,0.71,0.45,,0,reviewed,nc,nc
1980-05-26T18:57:55.590Z,37.5206667,-118.8761667,2.063,5.7,ml,12,211,0.08018,0.03,nc,nc1053105,2022-04-28T01:38:07.277Z,"14 km WSW of Aspen Springs, California",earthquake,0.49,1.08,,0,reviewed,nc,nc
1980-05-25T20:35:47.930Z,37.6186667,-118.8348333,4.833,5.7,ml,4,182,0.005405,0.04,nc,nc1053058,2022-04-28T01:37:55.433Z,"12 km ESE of Mammoth Lakes, California",earthquake,1.65,3.79,,0,reviewed,nc,nc
1980-05-25T19:44:50.910Z,37.5538333,-118.807,11.856,6.1,ml,7,191,0.03964,0.1,nc,nc1053054,2022-04-28T01:37:53.969Z,"8 km W of Aspen Springs, California",earthquake,1.82,1.37,,0,reviewed,nc,nc
1980-05-25T16:49:27.160Z,37.6768333,-118.8996667,6.686,6,ml,42,55,0.06126,1.35,nc,nc1053045,2022-04-28T01:37:52.136Z,"7 km ENE of Mammoth Lakes, California",earthquake,1.99,2.52,,0,reviewed,nc,nc
1980-05-25T16:33:44.000Z,37.5903333,-118.831,6.806,6.1,ml,11,159,0.004505,0.15,nc,nc1053043,2022-04-28T01:37:50.349Z,"11 km WNW of Aspen Springs, California",earthquake,1.71,1.44,,0,reviewed,nc,nc
1980-05-18T15:32:11.430Z,46.2073333,-122.188,1.51,5.7,md,18,62,0.008296,0.22,uw,uw10084803,2022-04-28T01:36:51.038Z,"38 km NNE of Amboy, Washington",earthquake,0.682,0.56,0.08,1,reviewed,uw,uw
1980-01-24T19:00:09.500Z,37.852,-121.815,11,5.8,mw,,,,,us,usp000155j,2022-04-28T01:48:47.870Z,"8 km ENE of Blackhawk, California",earthquake,,,,,reviewed,b,1009
1979-10-16T06:58:43.450Z,32.9986667,-115.5575,14.19,5.8,ml,7,79,0.05768,0.17,ci,ci3310205,2022-04-27T14:51:22.762Z,"3km NW of Brawley, CA",earthquake,1.03,1.78,,0,reviewed,ci,ci
1979-10-15T23:16:53.910Z,32.6673333,-115.3591667,15,6.4,mw,78,168,,0.5,ci,ci3352060,2022-08-05T16:23:35.126Z,"10km E of Mexicali, B.C., MX",earthquake,1.26,31.61,0.288,2,reviewed,ci,ci
1979-09-26T15:00:00.100Z,37.229,-116.364,0,5.6,mb,,,,,us,usp000134x,2016-04-02T10:43:36.068Z,"50 km NE of Beatty, Nevada",nuclear explosion,,,,,reviewed,a,us
1979-09-06T15:00:00.100Z,37.088,-116.053,0,5.8,mb,,,,,us,usp00012tq,2016-04-02T17:03:15.638Z,"65 km ENE of Beatty, Nevada",nuclear explosion,,,,,reviewed,a,us
1979-08-06T17:05:22.930Z,37.1038333,-121.5123333,8.315,5.8,ml,95,97,0.05225,0.06,nc,nc1046962,2020-08-14T05:00:09.032Z,"8 km ENE of San Martin, California",earthquake,0.15,0.36,,0,reviewed,nc,nc
1979-06-11T14:00:00.200Z,37.29,-116.455,0,5.5,mb,,,,,us,usp000117a,2016-02-01T23:08:45.420Z,"50 km NNE of Beatty, Nevada",nuclear explosion,,,,,reviewed,e,us
1979-03-23T17:21:55.400Z,26.74,-110.806,15,5.6,ms,,,,,us,usp0000zmk,2022-04-27T15:12:45.332Z,"76 km SSW of Bahía de Lobos, Mexico",earthquake,,,,,reviewed,us,us
1979-02-08T20:00:00.100Z,37.102,-116.055,0,5.5,mb,,,,,us,usp0000yrh,2016-04-02T07:22:56.148Z,"66 km SSW of Rachel, Nevada",nuclear explosion,,,,,reviewed,a,us
1978-12-16T15:30:00.200Z,37.273,-116.41,0,5.5,mb,,,,,us,usp0000xya,2016-02-01T21:54:48.090Z,"50 km NE of Beatty, Nevada",nuclear explosion,,,,,reviewed,a,us
1978-09-27T17:20:00.000Z,37.07,-116.019,0,5.7,mb,,,,,us,usp0000wry,2016-02-01T22:45:07.130Z,"63 km NNW of Indian Springs, Nevada",nuclear explosion,,,,,reviewed,a,us
1978-08-31T14:00:00.200Z,37.275,-116.357,0,5.6,mb,,,,,us,usp0000w9y,2016-02-01T21:18:28.880Z,"54 km NE of Beatty, Nevada",nuclear explosion,,,,,reviewed,a,us
1978-07-12T17:00:00.100Z,37.079,-116.044,0,5.5,mb,,,,,us,usp0000vhz,2016-02-01T23:17:46.560Z,"65 km NNW of Indian Springs, Nevada",nuclear explosion,,,,,reviewed,a,us
1978-04-11T17:45:00.100Z,37.233,-116.367,0,5.5,mb,,,,,us,usp0000u1c,2016-02-01T21:15:01.470Z,"50 km NE of Beatty, Nevada",nuclear explosion,,,,,reviewed,a,us
1978-03-24T00:42:36.300Z,29.801,-67.4,20,6.1,mb,,,,,us,usp0000tm9,2022-04-27T15:52:08.316Z,North Atlantic Ocean,earthquake,,,,,reviewed,us,us
1978-03-23T16:30:00.200Z,37.102,-116.051,0,5.6,mb,,,,,us,usp0000tku,2016-02-01T22:06:11.940Z,"66 km SSW of Rachel, Nevada",nuclear explosion,,,,,reviewed,a,us
1978-02-23T17:00:00.200Z,37.125,-116.064,0,5.6,mb,,,,,us,usp0000t41,2016-04-02T20:11:47.812Z,"64 km SSW of Rachel, Nevada",nuclear explosion,,,,,reviewed,a,us
1977-12-14T15:30:00.200Z,37.136,-116.086,0,5.7,mb,,,,,us,usp0000s2d,2016-02-01T20:01:27.400Z,"64 km SSW of Rachel, Nevada",nuclear explosion,,,,,reviewed,a,us
1977-11-21T02:50:03.400Z,29.269,-112.97,33,5.6,ms,,,,,us,usp0000rmv,2022-04-27T16:05:32.243Z,"76 km SSW of La Libertad, Mexico",earthquake,,,,,reviewed,us,us
1977-11-09T22:00:00.100Z,37.072,-116.05,0,5.7,mb,,,,,us,usp0000rem,2016-02-01T19:38:10.440Z,"65 km NNW of Indian Springs, Nevada",nuclear explosion,,,,,reviewed,a,us
1977-08-19T17:55:00.100Z,37.111,-116.055,0,5.6,mb,,,,,us,usp0000q6u,2016-02-01T19:36:49.120Z,"65 km SSW of Rachel, Nevada",nuclear explosion,,,,,reviewed,a,us
1977-08-04T16:40:00.100Z,37.087,-116.007,0,5.7,ms,,,,,us,usp0000pzf,2016-02-01T19:53:26.720Z,"64 km NNW of Indian Springs, Nevada",nuclear explosion,,,,,reviewed,a,us
1977-04-05T15:00:00.200Z,37.12,-116.062,0,5.6,mb,,,,,us,usp0000n99,2016-02-01T19:40:14.640Z,"64 km SSW of Rachel, Nevada",nuclear explosion,,,,,reviewed,a,us
1976-12-28T18:00:00.100Z,37.1,-116.036,0,5.5,mb,,,,,us,usp0000kz8,2016-01-29T21:13:11.440Z,"65 km SSW of Rachel, Nevada",nuclear explosion,,,,,reviewed,a,us
1976-12-08T14:40:59.100Z,44.76,-110.793,5,5.5,mb,,,,,us,usp0000kp6,2020-07-10T21:54:28.009Z,"25 km SSW of Mammoth, Wyoming",earthquake,,,,,reviewed,g,us
1976-11-26T11:19:32.070Z,41.0351667,-124.9496667,41.78,6.3,ml,13,318,0.6577,0.09,nc,nc1032447,2022-04-27T16:48:25.308Z,"67 km W of Trinidad, California",earthquake,8.57,5.3,,0,reviewed,nc,nc
1976-03-17T14:45:00.100Z,37.107,-116.052,0,5.8,mb,,,,,us,usp0000fg9,2016-04-01T20:56:29.057Z,"65 km SSW of Rachel, Nevada",nuclear explosion,,,,,reviewed,a,us
1976-03-17T14:15:00.100Z,37.256,-116.312,0,6.1,mb,,,,,us,usp0000fg8,2016-04-02T13:04:13.815Z,"55 km NE of Beatty, Nevada",nuclear explosion,,,,,reviewed,a,us
1976-03-14T12:30:00.200Z,37.306,-116.471,0,6.3,mb,,,,,us,usp0000feq,2016-04-02T19:18:20.076Z,"51 km NNE of Beatty, Nevada",nuclear explosion,,,,,reviewed,a,us
1976-03-09T14:00:00.100Z,37.31,-116.364,0,6,mb,,,,,us,usp0000fch,2016-04-01T20:57:29.667Z,"56 km NE of Beatty, Nevada",nuclear explosion,,,,,reviewed,a,us
1976-02-14T11:30:00.200Z,37.243,-116.42,0,6,mb,,,,,us,usp0000f1z,2016-04-02T06:37:35.196Z,"47 km NE of Beatty, Nevada",nuclear explosion,,,,,reviewed,a,us
1976-02-12T14:45:00.200Z,37.271,-116.488,0,6.3,mb,,,,,us,usp0000f1b,2017-04-26T17:29:09.042Z,"46 km NNE of Beatty, Nevada",nuclear explosion,,,,,reviewed,a,us
1976-02-04T14:40:00.200Z,37.107,-116.037,0,5.7,mb,,,,,us,usp0000exd,2016-04-02T09:53:44.923Z,"65 km SSW of Rachel, Nevada",nuclear explosion,,,,,reviewed,a,us
1976-02-04T14:20:00.100Z,37.069,-116.03,0,5.8,mb,,,,,us,usp0000exc,2016-01-29T21:37:06.630Z,"64 km NNW of Indian Springs, Nevada",nuclear explosion,,,,,reviewed,a,us
1976-01-03T19:15:00.200Z,37.297,-116.333,0,6.2,mb,,,,,us,usp0000e9f,2016-01-29T21:37:06.080Z,"57 km NE of Beatty, Nevada",nuclear explosion,,,,,reviewed,a,us
1975-12-20T20:00:00.200Z,37.128,-116.062,0,5.7,mb,,,,,us,usp0000dzt,2016-04-02T09:53:47.478Z,"63 km SSW of Rachel, Nevada",explosion,,,,,reviewed,a,us
1975-11-20T15:00:00.100Z,37.225,-116.368,0,6,mb,,,,,us,usp0000dnt,2016-01-29T21:37:05.480Z,"49 km NE of Beatty, Nevada",nuclear explosion,,,,,reviewed,a,us
1975-10-28T14:30:00.200Z,37.29,-116.411,0,6.4,mb,,,,,us,usp0000dat,2016-01-29T22:01:19.580Z,"52 km NE of Beatty, Nevada",nuclear explosion,,,,,reviewed,a,us
1975-09-24T17:19:37.200Z,25.154,-109.259,33,5.7,ms,,,,,us,usp0000cxk,2022-04-27T17:33:41.410Z,"53 km SSW of Topolobampo, Mexico",earthquake,,,,,reviewed,us,us
1975-08-01T20:20:12.900Z,39.4321667,-121.5458333,4.97,5.7,ml,,,,,nc,nc71105799,2022-04-27T17:34:34.200Z,"0 km WSW of Palermo, California",earthquake,,,,0,reviewed,nc,nc
1975-07-08T09:37:27.300Z,29.459,-113.346,33,6.5,ms,,,,,us,usp0000bxv,2022-04-27T17:37:01.895Z,"80 km SW of La Libertad, Mexico",earthquake,,,,,reviewed,us,us
1975-06-30T18:54:13.400Z,44.745,-110.605,7,5.9,ms,,,,,us,usp0000buf,2022-04-27T17:43:50.689Z,"26 km SSE of Mammoth, Wyoming",earthquake,,,,,reviewed,g,us
1975-06-26T12:30:00.200Z,37.279,-116.369,0,6.2,mb,,,,,us,usp0000bss,2016-01-29T21:13:10.330Z,"53 km NE of Beatty, Nevada",nuclear explosion,,,,,reviewed,a,us
1975-06-19T13:00:00.100Z,37.35,-116.32,0,6.1,mb,,,,,us,usp0000bnk,2016-01-29T21:20:55.190Z,"60 km WSW of Rachel, Nevada",nuclear explosion,,,,,reviewed,a,us
1975-06-03T14:40:00.100Z,37.095,-116.036,0,5.7,mb,,,,,us,usp0000ba1,2016-01-29T21:37:07.700Z,"66 km SSW of Rachel, Nevada",nuclear explosion,,,,,reviewed,a,us
1975-06-03T14:20:00.200Z,37.34,-116.523,0,5.9,mb,,,,,us,usp0000ba0,2016-01-29T21:28:48.510Z,"52 km NNE of Beatty, Nevada",nuclear explosion,,,,,reviewed,a,us
1975-05-14T14:00:00.400Z,37.221,-116.474,0,6,mb,,,,,us,usp0000b1a,2016-01-29T21:45:24.680Z,"42 km NE of Beatty, Nevada",nuclear explosion,,,,,reviewed,a,us
1975-03-28T02:31:05.700Z,42.061,-112.548,5,6.1,mb,,,,,us,usp0000ad8,2022-04-27T17:51:56.369Z,"17 km NE of Snowville, Utah",earthquake,,,,,reviewed,u,us
1975-03-07T15:00:00.000Z,37.134,-116.084,0,5.5,mb,,,,,us,usp0000a55,2016-01-29T21:05:29.780Z,"64 km SSW of Rachel, Nevada",explosion,,,,,reviewed,a,us
1975-02-28T15:15:00.000Z,37.106,-116.056,0,5.7,mb,,,,,us,usp0000a2j,2016-01-29T22:01:18.960Z,"65 km SSW of Rachel, Nevada",earthquake,,,,,reviewed,a,us
1974-11-22T16:25:34.480Z,30.25,-114.8,6,5.55,ml,20,312,2.641,3.22,ci,ci3319062,2020-07-09T21:28:59.649Z,"217km S of Estacion Coahuila, B.C., MX",earthquake,99,31.61,0.055,4,reviewed,ci,ci
1974-09-26T15:05:00.200Z,37.133,-116.068,0,5.6,mb,,,,,us,usp000085t,2016-01-29T01:13:10.440Z,"63 km SSW of Rachel, Nevada",nuclear explosion,,,,,reviewed,a,us
1974-08-30T15:00:00.200Z,37.15,-116.083,0,5.8,mb,,,,,us,usp00007v1,2016-01-29T01:37:38.690Z,"62 km SSW of Rachel, Nevada",nuclear explosion,,,,,reviewed,a,us
1974-07-10T16:00:00.100Z,37.068,-116.032,0,5.7,mb,,,,,us,usp0000727,2016-01-29T01:28:00.140Z,"64 km NNW of Indian Springs, Nevada",nuclear explosion,,,,,reviewed,a,us
1974-05-31T14:04:59.900Z,27.226,-111.238,33,6.3,ms,,,,,us,usp00006kc,2022-04-27T18:24:36.288Z,"78 km W of Bahía de Lobos, Mexico",earthquake,,,,,reviewed,us,us
1974-02-27T17:00:00.100Z,37.104,-116.053,0,5.8,mb,,,,,us,usp00005eb,2016-01-29T01:37:15.260Z,"65 km SSW of Rachel, Nevada",nuclear explosion,,,,,reviewed,a,us
1973-10-03T04:27:40.500Z,27.557,-112.419,9,5.5,mb,,,,,us,usp00003nm,2022-04-27T18:37:58.065Z,"28 km NNW of Santa Rosalía, Mexico",earthquake,,,,,reviewed,us,us
1973-06-06T13:00:00.100Z,37.245,-116.346,0,6.1,mb,,,,,us,usp000021x,2016-01-29T01:16:47.530Z,"52 km NE of Beatty, Nevada",nuclear explosion,,,,,reviewed,a,us
1973-04-26T17:15:00.200Z,37.123,-116.059,0,5.6,mb,,,,,us,usp00001ke,2016-01-29T01:41:06.100Z,"64 km SSW of Rachel, Nevada",nuclear explosion,,,,,reviewed,a,us
1973-03-25T22:42:02.800Z,25.89,-109.878,33,5.5,ms,,,,,us,usp000012t,2022-04-27T18:58:29.784Z,Gulf of California,earthquake,,,,,reviewed,us,us
1972-02-20T06:08:14.370Z,29.328,-113.68,15,5.79,mw,,,,,iscgem,iscgem776334,2022-04-26T20:56:35.354Z,"99 km N of San Luis, Mexico",earthquake,,25,0.3,,reviewed,iscgem,iscgem
1971-09-30T08:18:00.010Z,26.816,-110.834,15,6.5,mw,,,,,iscgem,iscgem780731,2022-04-26T21:07:20.571Z,"70 km SSW of Bahía de Lobos, Mexico",earthquake,,25,0.2,,reviewed,iscgem,iscgem
1971-04-14T19:35:05.230Z,27.622,-112.305,15,5.5,mw,,,,,iscgem,iscgem785609,2022-04-26T21:18:54.206Z,"31 km N of Santa Rosalía, Mexico",earthquake,,25,0.28,,reviewed,iscgem,iscgem
1971-04-14T11:38:40.860Z,27.565,-112.528,15,5.61,mw,,,,,iscgem,iscgem785599,2022-04-26T21:18:52.622Z,"35 km NW of Santa Rosalía, Mexico",earthquake,,25,0.2,,reviewed,iscgem,iscgem
1971-02-09T14:02:45.740Z,34.416,-118.37,6,5.8,mh,0,360,0.3136,0.005,ci,ci3360245,2021-07-09T19:15:50.289Z,"10km SSW of Agua Dulce, CA",earthquake,,,,0,reviewed,ci,ci
1971-02-09T14:01:12.450Z,34.416,-118.37,6,5.8,mh,0,328.5,0.3136,0.324,ci,ci3360255,2020-07-09T21:38:09.519Z,"10km SSW of Agua Dulce, CA",earthquake,,,,0,reviewed,ci,ci
1971-02-09T14:00:41.920Z,34.416,-118.37,8.95,6.6,mw,0,123.4,,0.249,ci,ci3347678,2022-11-07T17:17:31.033Z,"10km SSW of Agua Dulce, CA",earthquake,,6.837,,0,reviewed,ci,ci
1970-03-26T19:00:00.780Z,37.3005,-116.5341667,1.2,5.54,ml,16,260,1.377,0.35,ci,ci3325031,2016-01-29T01:43:28.890Z,"48km NNE of Beatty, NV",nuclear explosion,99,31.61,0.41,10,reviewed,ci,ci
1969-11-05T17:54:12.190Z,34.589,-121.428,10,6,mw,,,,,iscgem,iscgem801913,2022-04-26T21:52:09.577Z,"85 km WSW of Vandenberg Air Force Base, California",earthquake,,13.7,0.3,,reviewed,iscgem,iscgem
1969-10-22T22:51:33.920Z,34.609,-121.492,10,5.8,mw,,,,,iscgem,iscgem803657,2022-04-26T21:55:04.314Z,"90 km W of Vandenberg Air Force Base, California",earthquake,,13.7,0.3,,reviewed,iscgem,iscgem
1969-09-16T14:30:00.710Z,37.3141667,-116.4606667,1.2,5.82,ml,13,268,1.437,0.33,ci,ci3326197,2016-01-28T19:34:29.540Z,"52km NNE of Beatty, NV",nuclear explosion,99,31.61,0.187,8,reviewed,ci,ci
1969-08-18T03:21:54.840Z,24.679,-109.222,20,5.58,mw,,,,,iscgem,iscgem805990,2022-04-26T22:01:56.454Z,"102 km SSW of El Huitusi, Mexico",earthquake,,25,0.21,,reviewed,iscgem,iscgem
1969-08-18T01:39:25.010Z,24.881,-109.117,20,5.97,mw,,,,,iscgem,iscgem805985,2022-04-26T22:01:54.613Z,"77 km SSW of El Huitusi, Mexico",earthquake,,8,0.2,,reviewed,iscgem,iscgem
1969-08-17T20:27:27.170Z,25.278,-109.146,19.5,5.62,mw,,,,,iscgem,iscgem805965,2022-04-26T22:01:47.834Z,"36 km SSW of Topolobampo, Mexico",earthquake,,4,0.53,,reviewed,iscgem,iscgem
1969-08-17T20:14:59.550Z,25.035,-109.424,15,6.7,mw,,,,,iscgem,iscgem805964,2022-04-26T22:01:45.879Z,"73 km SSW of Topolobampo, Mexico",earthquake,,25,0.2,,reviewed,iscgem,iscgem
1969-08-17T20:13:08.230Z,25.213,-109.188,15,6.5,mw,,,,,iscgem,iscgem805963,2022-04-26T22:01:44.319Z,"45 km SSW of Topolobampo, Mexico",earthquake,,8,0.2,,reviewed,iscgem,iscgem
1969-03-21T10:10:12.580Z,31.215,-114.605,10,5.56,mw,,,,,iscgem,iscgem811298,2022-04-26T22:10:47.078Z,"30 km NE of San Felipe, Mexico",earthquake,,25,0.61,,reviewed,iscgem,iscgem
1969-03-21T06:34:25.350Z,31.195,-114.343,10,5.61,mw,,,,,iscgem,iscgem811234,2022-04-26T22:10:45.672Z,"50 km ENE of San Felipe, Mexico",earthquake,,25,0.3,,reviewed,iscgem,iscgem
1969-03-21T04:56:18.940Z,31.296,-114.417,10,6.02,mw,,,,,iscgem,iscgem811200,2022-04-26T22:10:44.060Z,"44 km S of Golfo de Santa Clara, Mexico",earthquake,,5.4,0.2,,reviewed,iscgem,iscgem
1969-03-21T03:53:39.970Z,31.276,-114.442,10,5.56,mw,,,,,iscgem,iscgem811182,2022-04-26T22:10:42.796Z,"45 km S of Golfo de Santa Clara, Mexico",earthquake,,5.4,0.42,,reviewed,iscgem,iscgem
1969-03-20T08:17:42.550Z,31.205,-114.315,10,5.7,mw,,,,,iscgem,iscgem811127,2022-04-26T22:10:38.112Z,"53 km ENE of San Felipe, Mexico",earthquake,,25,0.2,,reviewed,iscgem,iscgem
1968-12-19T16:30:00.940Z,37.2315,-116.4736667,1.4,5.52,ml,16,257,1.415,1.36,ci,ci3342181,2016-01-28T19:42:24.150Z,"44km NE of Beatty, NV",nuclear explosion,99,31.61,0.219,6,reviewed,ci,ci
1968-06-26T01:42:14.600Z,40.29,-124.67,,5.5,mb,,,,,ushis,ushis3014,2018-06-04T20:43:45.000Z,"46 km SW of Ferndale, California",earthquake,,,,,reviewed,ushis,us
1968-04-26T15:00:00.410Z,37.2953333,-116.4556667,1.2,5.63,ml,17,261,1.438,1.03,ci,ci3342128,2016-01-28T19:50:35.290Z,"50km NNE of Beatty, NV",nuclear explosion,99,31.61,0.125,6,reviewed,ci,ci
1968-04-09T02:28:58.390Z,33.1798333,-116.103,10,6.6,mw,15,128,0.6012,0.33,ci,ci3329122,2022-04-26T22:34:43.822Z,"5km NNE of Ocotillo Wells, CA",earthquake,0.88,31.61,,0,reviewed,ci,ci
1967-12-10T12:06:55.050Z,40.478,-124.656,20,5.62,mw,,,,,iscgem,iscgem828247,2022-04-26T22:40:59.135Z,"34 km WSW of Ferndale, California",earthquake,,3.7,0.48,,reviewed,iscgem,iscgem
1966-12-20T15:30:00.690Z,37.3021667,-116.4083333,1.2,5.62,ml,16,261,1.476,0.86,ci,ci3329931,2016-01-28T19:45:36.690Z,"53km NE of Beatty, NV",nuclear explosion,99,31.61,0.245,10,reviewed,ci,ci
1966-09-12T16:41:04.270Z,39.385,-120.252,10,5.9,mw,,,,,iscgem,iscgem843363,2022-04-26T23:09:58.896Z,"8 km NW of Truckee, California",earthquake,,7,0.3,,reviewed,iscgem,iscgem
1966-08-16T18:02:36.990Z,37.38,-114.157,10,5.65,mw,,,,,iscgem,iscgem844550,2022-04-26T23:12:15.798Z,"40 km SE of Caliente, Nevada",earthquake,,25,0.2,,reviewed,iscgem,iscgem
1966-08-07T17:36:27.770Z,31.661,-114.504,15,6.5,mw,,,,,iscgem,iscgem844236,2022-04-26T23:11:26.220Z,"2 km SSW of Golfo de Santa Clara, Mexico",earthquake,,3.4,0.3,,reviewed,iscgem,iscgem
1966-05-18T07:32:06.880Z,24.97,-109.085,20,5.9,mw,,,,,iscgem,iscgem847550,2022-04-26T23:18:36.613Z,"67 km SSW of El Huitusi, Mexico",earthquake,,8,0.2,,reviewed,iscgem,iscgem
1965-04-29T15:28:45.750Z,47.288,-122.406,64.7,6.7,mw,,,,,iscgem,iscgem858143,2022-06-17T20:56:53.179Z,"3 km ESE of Browns Point, Washington",earthquake,,5.1,0.3,,reviewed,iscgem,iscgem
1965-02-27T07:46:25.560Z,28.133,-112.208,10,6,mw,,,,,iscgem,iscgem860614,2022-04-26T23:48:16.797Z,"80 km SSW of Bahía de Kino, Mexico",earthquake,,25,0.2,,reviewed,iscgem,iscgem
1964-07-06T02:14:36.920Z,26.142,-110.307,15,6.5,mw,,,,,iscgem,iscgem865773,2022-04-27T00:00:46.651Z,"93 km SW of Etchoropo, Mexico",earthquake,,6,0.2,,reviewed,iscgem,iscgem
1964-07-05T19:07:59.180Z,26.128,-110.276,15,6.3,mw,,,,,iscgem,iscgem865760,2022-04-27T00:00:34.609Z,"92 km SW of Etchoropo, Mexico",earthquake,,6,0.2,,reviewed,iscgem,iscgem
1963-11-23T07:50:48.820Z,29.919,-113.915,15,6.14,mw,,,,,iscgem,iscgem873576,2022-04-27T00:30:21.081Z,"118 km W of La Libertad, Mexico",earthquake,,25,0.2,,reviewed,iscgem,iscgem
1963-11-18T14:38:29.930Z,29.479,-113.732,15,6.4,mw,,,,,iscgem,iscgem873551,2022-04-27T00:30:10.417Z,"111 km WSW of La Libertad, Mexico",earthquake,,25,0.2,,reviewed,iscgem,iscgem
1963-06-11T15:23:41.670Z,31.9726667,-116.2516667,6,5.6,ml,8,280,0.7901,0.51,ci,ci3331349,2020-07-09T21:32:06.691Z,"37km ENE of Ensenada, B.C., MX",earthquake,5.2,31.61,0.1,9,reviewed,ci,ci
1962-08-30T13:35:29.450Z,41.937,-111.492,15,5.83,mw,,,,,iscgem,iscgem875249,2022-04-26T16:11:54.087Z,"8 km W of Garden City, Utah",earthquake,,25,0.3,,reviewed,iscgem,iscgem
1962-08-23T19:29:17.270Z,41.838,-124.048,25,5.86,mw,,,,,iscgem,iscgem875211,2022-04-26T16:11:45.910Z,"5 km NNE of Hiouchi, California",earthquake,,3.8,0.2,,reviewed,iscgem,iscgem
1961-05-31T14:17:43.470Z,30.005,-113.785,15,6.04,mw,,,,,iscgem,iscgem876667,2022-04-26T16:20:34.472Z,"106 km W of La Libertad, Mexico",earthquake,,25,0.2,,reviewed,iscgem,iscgem
1961-04-09T07:25:41.000Z,36.683,-121.3,,5.5,ml,,,,,ushis,ushis2492,2018-06-04T20:43:45.000Z,"12 km S of Tres Pinos, California",earthquake,,,,,reviewed,ushis,brk
1961-04-09T07:23:21.580Z,36.732,-121.222,12,5.88,mw,,,,,iscgem,iscgem876374,2022-04-26T16:18:38.811Z,"10 km SE of Tres Pinos, California",earthquake,,3.9,0.24,,reviewed,iscgem,iscgem
1960-10-11T08:05:30.500Z,38.3,-107.6,49,5.5,mb,,,,,ushis,ushis2466,2018-06-04T20:43:45.000Z,"15 km E of Colona, Colorado",earthquake,,,,,reviewed,ushis,brk
1960-06-06T01:17:53.420Z,40.729,-124.792,15,6,mw,,,,,iscgem,iscgem879414,2022-04-26T16:31:24.478Z,near the coast of Northern California,earthquake,,10.6,0.2,,reviewed,iscgem,iscgem
1960-03-31T19:56:18.930Z,25.986,-110.262,15,6,mw,,,,,iscgem,iscgem878707,2022-04-26T16:28:37.980Z,"93 km W of Las Grullas Margen Derecha, Mexico",earthquake,,6,0.38,,reviewed,iscgem,iscgem
1959-12-19T15:07:01.370Z,27.198,-111.885,15,5.83,mw,,,,,iscgem,iscgem883505,2022-04-26T16:51:07.584Z,"35 km NNE of Mulegé, Mexico",earthquake,,25,0.25,,reviewed,iscgem,iscgem
1959-08-19T04:04:01.700Z,44.648,-110.84,5,5.99,mw,,,,,ushis,ushis2401,2022-04-26T16:47:20.905Z,"21 km E of West Yellowstone, Montana",earthquake,,,,,reviewed,ushis,dor
1959-08-18T15:26:10.240Z,44.812,-110.864,10,6.3,mw,,,,,iscgem,iscgem882678,2022-04-26T16:47:16.154Z,"22 km SW of Mammoth, Wyoming",earthquake,,3.8,0.2,,reviewed,iscgem,iscgem
1959-08-18T11:03:51.980Z,44.864,-110.754,15,5.67,mw,,,,,iscgem,iscgem882677,2022-04-26T16:47:14.657Z,"13 km SSW of Mammoth, Wyoming",earthquake,,3.8,0.2,,reviewed,iscgem,iscgem
1959-08-18T06:37:20.430Z,44.63,-110.891,10,7.2,mw,,,,,iscgem,iscgem882673,2022-04-26T16:47:09.134Z,"17 km ESE of West Yellowstone, Montana",earthquake,,5.2,0.2,,reviewed,iscgem,iscgem
1959-07-21T17:39:29.000Z,36.8,-112.37,,5.6,ml,,,,,ushis,ushis2387,2018-06-04T20:43:45.000Z,"21 km SE of Fredonia, Arizona",earthquake,,,,,reviewed,ushis,pas
1959-06-23T14:35:04.720Z,39.027,-118.931,15,5.54,mw,,,,,iscgem,iscgem882314,2022-04-26T16:45:22.245Z,"13 km NW of Schurz, Nevada",earthquake,,25,0.3,,reviewed,iscgem,iscgem
1959-04-01T18:18:30.000Z,39.717,-120.2,,5.6,ml,,,,,ushis,ushis2364,2018-06-04T20:43:45.000Z,"5 km NE of Loyalton, California",earthquake,,,,,reviewed,ushis,brk
1959-03-23T07:10:26.240Z,39.404,-118.171,15,5.71,mw,,,,,iscgem,iscgem881629,2022-04-26T16:42:06.008Z,"47 km E of Fallon Station, Nevada",earthquake,,4.4,0.3,,reviewed,iscgem,iscgem
1958-12-01T03:21:17.620Z,32.2163333,-115.7541667,6,5.75,ml,7,299,,0.16,ci,ci3296828,2022-04-26T17:05:48.062Z,"44km SSW of Progreso, B.C., MX",earthquake,16.74,31.61,0.092,12,reviewed,ci,ci
1958-08-30T18:38:24.360Z,27.483,-111.666,15,6,mw,,,,,iscgem,iscgem885060,2022-04-26T17:02:41.261Z,"61 km ENE of Santa Rosalía, Mexico",earthquake,,25,0.2,,reviewed,iscgem,iscgem
1958-04-19T04:03:27.530Z,26.142,-110.698,15,5.88,mw,,,,,iscgem,iscgem884227,2022-04-26T16:56:40.753Z,"66 km ENE of Loreto, Mexico",earthquake,,6,0.21,,reviewed,iscgem,iscgem
1958-04-12T11:47:06.110Z,26.571,-110.925,15,6.31,mw,,,,,iscgem,iscgem884174,2022-04-26T16:56:20.805Z,"75 km NE of Loreto, Mexico",earthquake,,25,0.39,,reviewed,iscgem,iscgem
1957-10-24T21:44:32.850Z,24.79,-109.245,15,6.19,mw,,,,,iscgem,iscgem887419,2022-04-26T17:18:20.825Z,"91 km SSW of Topolobampo, Mexico",earthquake,,8,0.34,,reviewed,iscgem,iscgem
1957-03-22T19:44:22.270Z,37.557,-122.724,15,5.66,mw,,,,,iscgem,iscgem886234,2022-04-26T17:10:06.034Z,"18 km W of Montara, California",earthquake,,1.9,0.65,,reviewed,iscgem,iscgem
1956-05-24T02:27:31.090Z,26.097,-109.972,15,5.55,mw,,,,,iscgem,iscgem888285,2022-04-26T17:24:13.876Z,"66 km WNW of El Aguajito, Mexico",earthquake,,9.4,0.2,,reviewed,iscgem,iscgem
1956-02-15T01:20:35.270Z,31.149,-115.4846667,6,6.52,ml,11,344,,0.67,ci,ci3297567,2022-04-26T17:22:33.231Z,"120km ESE of Maneadero, B.C., MX",earthquake,13.8,31.61,0.056,6,reviewed,ci,ci
1956-02-14T18:33:28.320Z,31.0201667,-115.4816667,6,6.43,ml,10,344,,0.42,ci,ci3297559,2022-04-26T17:22:27.586Z,"129km SE of Maneadero, B.C., MX",earthquake,11.71,31.61,0.042,6,reviewed,ci,ci
1956-02-09T18:48:44.900Z,31.7816667,-115.7666667,6,5.56,ml,8,331,1.18,0.33,ci,ci3297542,2020-07-09T21:23:44.361Z,"75km SW of Alberto Oviedo Mota, B.C., MX",earthquake,5.32,31.61,0.105,10,reviewed,ci,ci
1956-02-09T16:59:53.860Z,31.6146667,-116.1346667,6,5.58,ml,10,340,1.156,0.36,ci,ci3297537,2020-07-09T21:23:30.424Z,"42km ESE of Maneadero, B.C., MX",earthquake,7.78,31.61,0.228,7,reviewed,ci,ci
1956-02-09T16:29:49.020Z,31.0435,-115.677,6,5.89,ml,10,343,1.838,0.78,ci,ci3297536,2020-07-09T21:23:13.606Z,"113km SE of Maneadero, B.C., MX",earthquake,18.61,31.61,0.294,4,reviewed,ci,ci
1956-02-09T15:24:24.160Z,31.5171667,-115.915,6,6.2,ml,10,341,1.326,0.65,ci,ci3297529,2020-07-09T21:22:51.361Z,"66km ESE of Maneadero, B.C., MX",earthquake,11.74,31.61,0.033,5,reviewed,ci,ci
1956-02-09T14:34:15.770Z,31.8,-116.2,6,5.6,mh,0,360,1.647,1.018,ci,ci3297522,2020-07-09T21:22:38.616Z,"36km ENE of Maneadero, B.C., MX",earthquake,,,,0,reviewed,ci,ci
1956-02-09T14:32:41.910Z,31.8321667,-116.2308333,6,6.8,ms,6,339,0.9244,0.1,ci,ci3297521,2022-04-26T17:22:19.406Z,"34km ENE of Maneadero, B.C., MX",earthquake,4.34,31.61,,0,reviewed,ci,ci
1955-09-05T02:01:18.680Z,37.189,-122.145,15,5.81,mw,,,,,iscgem,iscgem889890,2022-04-26T17:36:30.590Z,"7 km NNW of Boulder Creek, California",earthquake,,3.7,0.4,,reviewed,iscgem,iscgem
1955-06-16T12:37:27.610Z,25.432,-112.588,15,5.72,mw,,,,,iscgem,iscgem889656,2022-04-26T17:34:48.802Z,"54 km WNW of Puerto Adolfo Lopez Mateos, Mexico",earthquake,,25,0.2,,reviewed,iscgem,iscgem
1955-04-05T16:16:37.520Z,25.559,-109.851,15,6.01,mw,,,,,iscgemsup,iscgemsup889399,2022-05-09T20:00:08.503Z,"58 km WSW of Campo Pesquero el Colorado, Mexico",earthquake,,25,0.74,,reviewed,iscgemsup,iscgemsup
1955-04-05T15:09:27.440Z,25.471,-109.662,15,6.53,mw,,,,,iscgem,iscgem889398,2022-04-26T17:33:03.717Z,"47 km SW of Campo Pesquero el Colorado, Mexico",earthquake,,3.5,0.24,,reviewed,iscgem,iscgem
1954-12-21T19:56:29.630Z,40.846,-123.893,15,6.63,mw,,,,,iscgem,iscgem891371,2022-04-26T17:48:36.028Z,,earthquake,,3.5,0.2,,reviewed,iscgem,iscgem
1954-12-16T14:16:57.000Z,39.28,-118.12,,5.8,ml,,,,,ushis,ushis1990,2018-06-04T20:43:44.000Z,"48 km NNW of Gabbs, Nevada",earthquake,,,,,reviewed,ushis,brk
1954-12-16T11:11:35.820Z,39.207,-117.704,15,6.6,mw,,,,,iscgem,iscgem891357,2022-04-26T17:48:33.128Z,"42 km NNE of Gabbs, Nevada",earthquake,,25,0.3,,reviewed,iscgem,iscgem
1954-12-16T11:07:17.020Z,39.346,-117.981,10,7.1,mw,,,,,iscgem,iscgem891356,2022-04-26T17:48:31.790Z,"53 km N of Gabbs, Nevada",earthquake,,3.5,0.3,,reviewed,iscgem,iscgem
1954-11-12T12:26:53.750Z,31.9343333,-116.3126667,6,6.09,ml,9,325,,0.31,ci,ci3298562,2022-04-26T17:48:05.215Z,"30km ENE of Ensenada, B.C., MX",earthquake,9.83,31.61,0.223,5,reviewed,ci,ci
1954-10-24T09:44:10.030Z,31.6075,-116.1365,6,5.92,ml,8,340,,0.42,ci,ci3298521,2022-04-26T17:47:48.508Z,"42km ESE of Maneadero, B.C., MX",earthquake,7.5,31.61,0.093,6,reviewed,ci,ci
1954-10-17T22:57:23.010Z,31.377,-116.923,15,6.36,mw,,,,,iscgem,iscgem891170,2022-04-26T17:47:25.639Z,"50 km SW of Rodolfo Sánchez Taboada, Mexico",earthquake,,4.1,0.31,,reviewed,iscgem,iscgem
1954-10-17T22:57:05.950Z,30.6101667,-116.9056667,6,5.77,ml,9,329,,0.63,ci,ci3298512,2016-01-28T18:18:16.560Z,"127km SSW of Maneadero, B.C., MX",earthquake,99,31.61,0.194,6,reviewed,ci,ci
1954-08-31T22:20:36.890Z,39.813,-118.465,15,5.8,mw,,,,,iscgem,iscgem891016,2022-04-26T17:46:31.642Z,"40 km S of Lovelock, Nevada",earthquake,,25,0.3,,reviewed,iscgem,iscgem
1954-08-24T05:51:35.160Z,39.378,-118.516,15,6.5,mw,,,,,iscgem,iscgem890996,2022-04-26T17:46:26.837Z,"17 km ESE of Fallon Station, Nevada",earthquake,,2.2,0.3,,reviewed,iscgem,iscgem
1954-07-06T22:07:44.820Z,39.242,-118.599,10,5.9,mw,,,,,iscgem,iscgem890827,2022-04-26T17:44:50.064Z,"21 km SSE of Fallon Station, Nevada",earthquake,,4.5,0.3,,reviewed,iscgem,iscgem
1954-07-06T11:49:00.000Z,39.42,-118.53,,5.7,ml,,,,,ushis,ushis1945,2018-06-04T20:43:44.000Z,"16 km E of Fallon Station, Nevada",earthquake,,,,,reviewed,ushis,brk
1954-07-06T11:18:04.000Z,39.42,-118.53,,5.5,ml,,,,,ushis,ushis1942,2018-06-04T20:43:44.000Z,"16 km E of Fallon Station, Nevada",earthquake,,,,,reviewed,ushis,brk
1954-07-06T11:13:23.420Z,39.42,-118.566,10,6.2,mw,,,,,iscgem,iscgem890822,2022-04-26T17:44:44.173Z,"12 km E of Fallon Station, Nevada",earthquake,,3.7,0.3,,reviewed,iscgem,iscgem
1954-06-04T20:42:45.900Z,27.081,-110.983,15,5.64,mw,,,,,iscgem,iscgem890728,2022-04-26T17:43:37.580Z,"60 km WSW of Bahía de Lobos, Mexico",earthquake,,25,0.65,,reviewed,iscgem,iscgem
1954-06-04T16:01:58.600Z,27.629,-111.11,15,5.89,mw,,,,,iscgem,iscgem890725,2022-04-26T17:43:35.828Z,"36 km S of San Carlos, Mexico",earthquake,,25,0.23,,reviewed,iscgem,iscgem
1954-05-05T13:09:53.360Z,27.71,-112.073,10,6.38,mw,,,,,iscgem,iscgem890627,2022-04-26T17:43:14.760Z,"45 km NNE of Santa Rosalía, Mexico",earthquake,,25,0.2,,reviewed,iscgem,iscgem
1954-04-29T11:34:39.260Z,29.112,-113.024,10,7.21,mw,,,,,iscgem,iscgem890579,2022-04-26T17:42:49.738Z,"94 km SSW of La Libertad, Mexico",earthquake,,9,0.32,,reviewed,iscgem,iscgem
1954-04-29T10:49:32.220Z,29.04,-112.833,10,6.56,mw,,,,,iscgem,iscgem890578,2022-04-26T17:42:48.535Z,"90 km WNW of Bahía de Kino, Mexico",earthquake,,9,0.2,,reviewed,iscgem,iscgem
1954-03-19T09:54:27.830Z,33.2985,-116.0805,6,6.4,mw,10,246,,0.54,ci,ci3299653,2022-04-26T17:42:01.844Z,"12km W of Salton City, CA",earthquake,5.98,31.61,,0,reviewed,ci,ci
1954-02-01T04:31:48.850Z,32.1946667,-114.3516667,6,5.66,ml,10,328,2.021,0.45,ci,ci3301219,2020-07-09T21:25:47.604Z,"50km SE of San Luis Rio Colorado, Son., MX",earthquake,7.03,31.61,0.22,8,reviewed,ci,ci
1953-10-13T08:53:53.840Z,29.977,-113.984,15,6.21,mw,,,,,iscgem,iscgem892078,2022-04-26T17:56:12.906Z,"124 km W of La Libertad, Mexico",earthquake,,25,0.2,,reviewed,iscgem,iscgem
1952-11-22T07:46:36.320Z,35.7231667,-121.3278333,6,6.2,ml,10,288,,0.54,ci,ci3307216,2022-04-26T18:11:08.790Z,"28km NW of Cambria, CA",earthquake,6,31.61,0.058,4,reviewed,ci,ci
1952-11-07T20:55:05.950Z,26.304,-110.89,15,6.31,mw,,,,,iscgem,iscgem893693,2022-04-26T18:09:49.177Z,"56 km NE of Loreto, Mexico",earthquake,,25,0.45,,reviewed,iscgem,iscgem
1952-09-22T11:41:29.750Z,40.234,-124.322,15,6.01,mw,,,,,iscgem,iscgem893449,2022-04-26T18:06:42.506Z,"31 km NW of Shelter Cove, California",earthquake,,15.1,0.29,,reviewed,iscgem,iscgem
1952-08-22T22:41:23.480Z,35.3516667,-118.954,6,5.52,ml,11,56,,0.52,ci,ci3306746,2022-04-26T18:05:46.164Z,"7km E of Bakersfield, CA",earthquake,1.7,31.61,0.03,3,reviewed,ci,ci
1952-07-31T12:09:09.130Z,35.2488333,-118.4966667,6,5.64,ml,11,86,,0.69,ci,ci3317866,2022-05-09T20:19:36.078Z,"14km NNW of Tehachapi, CA",earthquake,2.51,31.61,0.079,3,reviewed,ci,ci
1952-07-29T07:03:46.250Z,35.3568333,-118.8948333,6,5.72,ml,14,96,,0.86,ci,ci3317823,2022-04-26T18:05:22.223Z,"11km N of Lamont, CA",earthquake,2.77,31.61,0.038,4,reviewed,ci,ci
1952-07-25T19:43:23.500Z,35.3041667,-118.4678333,6,5.62,ml,11,79,,0.48,ci,ci3318463,2022-05-09T20:19:30.028Z,"19km N of Tehachapi, CA",earthquake,1.38,31.61,0.083,3,reviewed,ci,ci
1952-07-25T19:09:45.290Z,35.332,-118.4628333,6,5.55,ml,11,74,,0.6,ci,ci3318460,2022-04-26T18:05:19.078Z,"22km N of Tehachapi, CA",earthquake,1.59,31.61,0.112,3,reviewed,ci,ci
1952-07-23T13:17:05.670Z,35.1656667,-118.7993333,6,5.51,ml,11,64,,0.57,ci,ci3318262,2022-05-09T20:19:26.952Z,"6km SSE of Arvin, CA",earthquake,1.84,31.61,0.079,3,reviewed,ci,ci
1952-07-23T07:53:18.130Z,34.9881667,-118.8031667,6,5.55,ml,10,88,,0.74,ci,ci3318258,2020-07-09T21:28:07.338Z,"13km ENE of Grapevine, CA",earthquake,2.04,31.61,0.009,3,reviewed,ci,ci
1952-07-21T12:05:31.240Z,34.9731667,-119.0661667,6,5.8,mh,8,89,,0.68,ci,ci3319398,2022-05-09T20:19:15.571Z,"13km WNW of Grapevine, CA",earthquake,2.57,31.61,,1,reviewed,ci,ci
1952-07-21T11:52:14.540Z,34.9581667,-118.998,6,7.5,mw,8,146,,0.39,ci,ci3319401,2022-04-26T18:05:09.065Z,"6km WNW of Grapevine, CA",earthquake,1.42,31.61,,0,reviewed,ci,ci
1952-04-01T00:37:41.000Z,48,-113.8,,5.5,fa,,,,,ushis,ushis1774,2018-06-04T20:43:44.000Z,Western Montana,earthquake,,,,,reviewed,ushis,mmt
1951-12-26T00:46:54.430Z,32.9161667,-118.3051667,6,5.75,ml,11,37,,0.54,ci,ci3322187,2022-04-26T18:22:11.536Z,"11km NNE of San Clemente Is. (SE tip), CA",earthquake,2.13,31.61,0.042,5,reviewed,ci,ci
1951-10-08T04:10:38.080Z,40.238,-124.713,15,6.02,mw,,,,,iscgem,iscgem894786,2022-04-26T18:18:26.295Z,"53 km SW of Ferndale, California",earthquake,,15.1,0.2,,reviewed,iscgem,iscgem
1951-01-24T07:16:52.620Z,32.622,-115.1191667,6,5.95,ml,9,329,1.637,0.48,ci,ci3322622,2022-05-09T20:23:43.316Z,"14km WNW of Tecolots, B.C., MX",earthquake,4.33,31.61,0.168,12,reviewed,ci,ci
1950-12-14T13:24:19.000Z,40.083,-120.067,,5.6,ml,,,,,ushis,ushis1725,2018-06-04T20:43:44.000Z,"6 km NNE of Doyle, California",earthquake,,,,,reviewed,ushis,brk
1950-03-20T15:22:17.000Z,40.45,-121.467,,5.5,ml,,,,,ushis,ushis1686,2018-06-04T20:43:44.000Z,"15 km NE of Mineral, California",earthquake,,,,,reviewed,ushis,brk
1949-11-20T07:09:53.620Z,28.474,-112.31,10,6.84,mw,,,,,iscgem,iscgem897037,2022-04-26T18:38:22.101Z,"52 km SW of Bahía de Kino, Mexico",earthquake,,25,0.2,,reviewed,iscgem,iscgem
1949-11-04T20:42:38.770Z,32.1266667,-116.7496667,6,5.66,ml,10,318,0.8494,0.35,ci,ci3355574,2022-05-09T19:35:55.271Z,"19km ESE of Primo Tapia, B.C., MX",earthquake,4.01,31.61,0.139,12,reviewed,ci,ci
1949-05-02T11:25:46.900Z,34,-115.6958333,6,5.69,ml,4,263,1.395,0.52,ci,ci3356151,2022-05-09T19:35:32.801Z,"38km ESE of Twentynine Palms, CA",earthquake,2.34,31.61,0.127,12,reviewed,ci,ci
1949-04-13T19:55:43.640Z,47.014,-122.597,50,6.7,mw,,,,,iscgem,iscgem896466,2022-06-17T20:21:19.580Z,"4 km WNW of Roy, Washington",earthquake,,4.8,0.3,,reviewed,iscgem,iscgem
1949-02-11T21:05:10.280Z,37.9376667,-117.5331667,6,5.52,ml,5,325,1.042,0.19,ci,ci3356225,2018-06-04T20:43:44.000Z,"30km WSW of Tonopah, NV",earthquake,18.76,31.61,0.13,9,reviewed,ci,ci
1948-12-04T23:43:16.410Z,33.9833333,-116.3308333,6,6,mw,7,246,0.7689,0.26,ci,ci9860350,2022-04-26T18:45:51.780Z,"16km E of Desert Hot Springs, CA",earthquake,4.09,31.61,,0,reviewed,ci,ci
1948-09-01T19:53:28.230Z,25.236,-109.718,10,5.98,mw,,,,,iscgem,iscgem897530,2022-04-26T18:44:43.605Z,"70 km SW of Campo Pesquero el Colorado, Mexico",earthquake,,25,0.2,,reviewed,iscgem,iscgem
1947-11-23T09:46:08.530Z,45.046,-111.556,15,6.1,mw,,,,,iscgem,iscgem898156,2022-04-26T18:52:39.817Z,"30 km SSW of Big Sky, Montana",earthquake,,3.1,0.3,,reviewed,iscgem,iscgem
1947-04-10T15:58:05.110Z,34.9828333,-116.5315,6,6.5,mw,8,223,1.208,0.51,ci,ci3358945,2022-04-26T18:47:42.351Z,"34km SSE of Fort Irwin, CA",earthquake,4.54,31.61,0.059,9,reviewed,ci,ci
1946-07-18T14:27:57.990Z,34.5016667,-115.9148333,6,5.51,ml,7,250,1.312,0.56,ci,ci3359696,2022-05-09T16:01:01.261Z,"17km WSW of Amboy, CA",earthquake,4.32,31.61,0.119,9,reviewed,ci,ci
1946-03-15T13:49:37.090Z,35.7023333,-117.9441667,6,6.3,mh,8,158,0.4334,0.26,ci,ci3360174,2022-04-26T18:54:10.106Z,"13km WNW of Inyokern, CA",earthquake,2.49,31.61,,0,reviewed,ci,ci
1945-08-15T17:56:18.390Z,33.0823333,-115.6311667,6,5.77,ml,7,293,1.067,0.5,ci,ci3360494,2022-05-09T16:19:11.519Z,"5km N of Westmorland, CA",earthquake,4.73,31.61,0.042,10,reviewed,ci,ci
1945-06-27T18:08:12.230Z,26.925,-111.24,15,6.05,mw,,,,,iscgemsup,iscgemsup898977,2022-05-09T16:17:52.836Z,"73 km E of Mulegé, Mexico",earthquake,,25,0.75,,reviewed,iscgemsup,iscgemsup
1945-06-27T13:08:25.350Z,26.955,-110.852,10,6.92,mw,,,,,iscgem,iscgem898976,2022-04-26T19:01:47.493Z,"59 km SW of Bahía de Lobos, Mexico",earthquake,,25,0.23,,reviewed,iscgem,iscgem
1944-09-05T04:38:46.210Z,44.945,-74.746,15,5.74,mw,,,,,iscgem,iscgem899531,2022-04-26T19:07:28.559Z,"8 km S of Cornwall, Canada",earthquake,,25,0.3,,reviewed,iscgem,iscgem
1943-08-09T05:30:08.350Z,38.005,-118.086,15,5.56,mw,,,,,iscgem,iscgem899958,2022-04-26T19:12:50.328Z,"37 km N of Dyer, Nevada",earthquake,,2.6,0.3,,reviewed,iscgem,iscgem
1942-12-03T09:44:42.000Z,39.7,-119.3,,5.5,ml,,,,,ushis,ushis1431,2018-06-04T20:43:44.000Z,"7 km N of Wadsworth, Nevada",earthquake,,,,,reviewed,ushis,brk
1942-10-22T01:50:37.080Z,33.2661667,-115.572,6,5.63,ml,8,284,,0.41,ci,ci3366107,2022-04-26T19:21:25.849Z,"6km WNW of Niland, CA",earthquake,3.72,31.61,0.113,10,reviewed,ci,ci
1942-10-21T16:22:11.980Z,32.9753333,-115.7853333,6,6.6,mw,7,291,,0.34,ci,ci3366099,2022-04-26T19:21:24.617Z,"17km WSW of Westmorland, CA",earthquake,3.97,31.61,,0,reviewed,ci,ci
1941-09-14T18:39:11.900Z,37.567,-118.733,16,5.5,mw,,,,,ushis,ushis1374,2020-07-09T21:41:28.079Z,"2 km NW of Aspen Springs, California",earthquake,,,,,reviewed,ushis,hht
1941-09-14T18:21:18.700Z,37.567,-118.733,16,5.5,ml,,,,,ushis,ushis1373,2020-07-09T21:41:12.008Z,"2 km NW of Aspen Springs, California",earthquake,,,,,reviewed,ushis,pas
1941-09-14T16:43:34.420Z,37.5488333,-118.6158333,6,5.63,ml,7,310,0.5817,0.27,ci,ci3365741,2020-07-09T21:40:58.865Z,"25km NW of West Bishop, CA",earthquake,18.68,31.61,0.218,9,reviewed,ci,ci
1941-08-29T13:09:53.000Z,41.5,-118.5,,5.5,ms,,,,,ushis,ushis1369,2018-06-04T20:43:44.000Z,"55 km SSE of Denio, Nevada",earthquake,,,,,reviewed,ushis,gr
1941-03-15T05:46:25.380Z,28.371,-113.443,15,6.01,mw,,,,,iscgem,iscgem900710,2022-04-26T19:24:57.389Z,"30 km ESE of San Luis, Mexico",earthquake,,25,0.37,,reviewed,iscgem,iscgem
1940-12-24T13:43:45.000Z,43.908,-71.283,8,5.61,mw,,,,,ushis,ushis1346,2018-06-04T20:43:44.000Z,"5 km NNW of Tamworth, New Hampshire",earthquake,,,,,reviewed,ushis,esm
1940-12-20T23:40:56.880Z,39.734,-124.415,15,5.96,mw,,,,,iscgem,iscgem901741,2022-04-26T19:40:41.517Z,"44 km SW of Shelter Cove, California",earthquake,,25,0.42,,reviewed,iscgem,iscgem
1940-12-07T22:17:00.000Z,31.0693333,-114.8526667,6,6.05,ml,6,336,2.714,42.41,ci,ci3365515,2020-07-09T21:40:38.379Z,"126km S of Estacion Coahuila, B.C., MX",earthquake,99,31.61,0.106,8,reviewed,ci,ci
1940-06-03T18:05:27.000Z,25.378,-109.492,15,6.31,mw,,,,,iscgem,iscgem901399,2022-04-26T19:35:25.253Z,"45 km SSW of Campo Pesquero el Colorado, Mexico",earthquake,,3.5,0.2,,reviewed,iscgem,iscgem
1940-05-19T04:36:40.500Z,32.8441667,-115.381,6,6.9,mw,7,300,,0.42,ci,ci3365279,2022-04-26T19:35:05.842Z,"4km N of Holtville, CA",earthquake,12.77,31.61,,0,reviewed,ci,ci
1939-12-22T06:59:21.350Z,29.662,-114.025,15,6.04,mw,,,,,iscgem,iscgem902277,2022-04-25T20:25:37.814Z,"131 km WSW of La Libertad, Mexico",earthquake,,25,0.31,,reviewed,iscgem,iscgem
1939-11-13T07:46:01.350Z,47.402,-122.753,55,6.14,mw,,,,,iscgem,iscgem902225,2022-04-25T20:50:38.180Z,"Puget Sound region, Washington",earthquake,,5.3,0.44,,reviewed,iscgem,iscgem
1939-06-24T13:02:06.000Z,36.8,-121.45,,5.5,ml,,,,,ushis,ushis1260,2018-06-04T20:43:44.000Z,"7 km SW of Hollister, California",earthquake,,,,,reviewed,ushis,brk
1939-05-11T18:04:00.000Z,38.58,-117.83,,5.5,ml,,,,,ushis,ushis1251,2018-06-04T20:43:44.000Z,"32 km NE of Mina, Nevada",earthquake,,,,,reviewed,ushis,brk
1939-05-02T13:14:54.020Z,29.241,-113.513,10,7.19,mw,,,,,iscgem,iscgem901929,2022-05-09T22:49:07.501Z,"92 km NNE of San Luis, Mexico",earthquake,,25,0.2,,reviewed,iscgem,iscgem
1939-01-11T22:00:00.000Z,39,-119.2,,5.5,fa,,,,,ushis,ushis1237,2018-06-04T20:43:44.000Z,California-Nevada border region,earthquake,,,,,reviewed,ushis,woo
1938-09-12T06:10:43.060Z,40.252,-124.574,15,5.82,mw,,,,,iscgem,iscgem902671,2022-04-25T20:58:12.328Z,"44 km SW of Ferndale, California",earthquake,,7.7,0.2,,reviewed,iscgem,iscgem
1938-09-12T06:10:00.000Z,40,-124,,5.5,ms,,,,,ushis,ushis1209,2018-06-04T20:43:44.000Z,"7 km ESE of Shelter Cove, California",earthquake,,,,,reviewed,ushis,gr
1937-03-25T16:49:02.180Z,33.4,-116.25,6,6,ml,5,264,0.9981,0.58,ci,ci3364162,2022-04-25T21:07:02.596Z,"16km WSW of Oasis, CA",earthquake,99,31.61,0.051,5,reviewed,ci,ci
1936-07-16T07:07:49.970Z,46.031,-118.429,10,5.99,mw,,,,,iscgem,iscgem903747,2022-04-25T21:25:13.389Z,"3 km SW of Garrett, Washington",earthquake,,5.8,0.2,,reviewed,iscgem,iscgem
1935-11-01T06:03:37.730Z,46.739,-79.024,15,6.17,mw,,,,,iscgem,iscgem904623,2022-04-25T21:37:49.441Z,"2 km ESE of Notre-Dame-du-Lac, Canada",earthquake,,25,0.2,,reviewed,iscgem,iscgem
1935-10-31T18:37:52.610Z,46.542,-111.849,10,5.93,mw,,,,,iscgem,iscgem904621,2022-04-25T21:37:48.282Z,"6 km E of Montana City, Montana",earthquake,,0.7,0.3,,reviewed,iscgem,iscgem
1935-10-19T04:48:06.210Z,46.591,-111.651,15,6.13,mw,,,,,iscgem,iscgem904601,2022-04-25T21:37:41.277Z,"12 km N of Winston, Montana",earthquake,,25,0.3,,reviewed,iscgem,iscgem
1935-10-12T07:50:39.000Z,46.6,-112,5,5.9,fa,,,,,ushis,ushis1109,2018-06-04T20:43:44.000Z,"2 km ENE of Helena, Montana",earthquake,,,,,reviewed,ushis,mmt
1935-02-24T01:44:57.990Z,31.784,-114.801,6,5.65,ml,4,342,2.339,0.48,ci,ci3362764,2020-07-09T21:39:41.092Z,"49km SSE of Estacion Coahuila, B.C., MX",earthquake,99,31.61,0.172,11,reviewed,ci,ci
1934-12-31T18:45:43.920Z,32.18,-115.1755,6,6.42,ml,5,318,1.884,0.32,ci,ci3362656,2022-04-25T21:50:50.418Z,"5km S of Alberto Oviedo Mota, B.C., MX",earthquake,23.53,31.61,0.08,4,reviewed,ci,ci
1934-12-30T13:52:02.690Z,32,-114.9,6,6.33,ml,6,322,2.169,1.23,ci,ci3362651,2022-04-25T21:50:49.286Z,"24km SSE of Estacion Coahuila, B.C., MX",earthquake,99,31.61,0.032,7,reviewed,ci,ci
1934-10-29T02:34:47.720Z,26.051,-110.247,15,6.13,mw,,,,,iscgem,iscgem905238,2022-04-25T21:49:37.047Z,"92 km W of El Aguajito, Mexico",earthquake,,9.4,0.2,,reviewed,iscgem,iscgem
1934-06-08T04:47:45.100Z,35.8463333,-120.6663333,6,5.84,ml,7,267,1.605,0.84,ci,ci3362218,2022-04-25T21:45:28.456Z,"11km NNE of San Miguel, CA",earthquake,7.93,31.61,0.155,7,reviewed,ci,ci
1934-05-06T08:09:49.000Z,41.5,-113,,5.5,ms,,,,,ushis,ushis1061,2018-06-04T20:43:44.000Z,"56 km SW of Howell, Utah",earthquake,,,,,reviewed,ushis,gr
1934-04-07T02:16:00.000Z,41.5,-111.5,,5.5,ml,,,,,ushis,ushis1053,2018-06-04T20:43:44.000Z,"26 km E of Avon, Utah",earthquake,,,,,reviewed,ushis,jon
1934-03-12T18:20:16.880Z,41.531,-112.681,15,5.86,mw,,,,,iscgem,iscgem904838,2022-04-25T21:43:23.658Z,"35 km SSW of Howell, Utah",earthquake,,25,0.3,,reviewed,iscgem,iscgem
1934-03-12T15:05:48.000Z,41.658,-112.795,8.5,6.6,mw,,,,,uu,uu19340312150548000,2022-04-25T21:43:22.239Z,"The 1934 Hansel Valley Earthquake, Utah",earthquake,,,,,reviewed,uu,uu
1934-01-30T20:16:34.100Z,38.035,-118.653,15,6.03,mw,,,,,iscgem,iscgem904767,2022-04-25T21:41:50.436Z,"28 km NNW of Benton, California",earthquake,,6.8,0.3,,reviewed,iscgem,iscgem
1934-01-30T19:23:58.710Z,38.319,-118.801,15,5.63,mw,,,,,iscgem,iscgem904766,2022-04-25T21:41:48.364Z,"27 km SW of Hawthorne, Nevada",earthquake,,25,0.3,,reviewed,iscgem,iscgem
1934-01-30T19:23:29.000Z,38.3,-118.4,,5.5,ms,,,,,ushis,ushis1020,2018-06-04T20:43:44.000Z,"27 km WSW of Mina, Nevada",earthquake,,,,,reviewed,ushis,cfr
1933-10-27T10:58:54.000Z,38.9,-117.6,,5.5,ml,,,,,ushis,ushis1013,2018-06-04T20:43:44.000Z,"28 km E of Gabbs, Nevada",earthquake,,,,,reviewed,ushis,sjg
1933-06-25T20:45:28.990Z,39.177,-119.32,15,6.08,mw,,,,,iscgem,iscgem905662,2022-04-25T21:56:02.026Z,"22 km SSE of Stagecoach, Nevada",earthquake,,2.9,0.2,,reviewed,iscgem,iscgem
1933-06-16T00:57:09.070Z,25.993,-112.135,15,5.67,mw,,,,,iscgem,iscgem905642,2022-04-25T21:55:39.057Z,"78 km W of Loreto, Mexico",earthquake,,25,0.2,,reviewed,iscgem,iscgem
1933-03-11T01:54:09.340Z,33.6308333,-117.9995,6,6.4,mw,7,161,0.5357,0.23,ci,ci3359741,2022-11-05T20:49:36.059Z,"Long Beach, California Earthquake",earthquake,1.41,31.61,,0,reviewed,ci,ci
1933-02-13T22:08:45.000Z,38.7,-117.9,,5.5,ml,,,,,ushis,ushis943,2018-06-04T20:43:44.000Z,"18 km S of Gabbs, Nevada",earthquake,,,,,reviewed,ushis,sjg
1932-12-25T03:54:45.000Z,38.8,-118,,5.5,ml,,,,,ushis,ushis921,2018-06-04T20:43:44.000Z,"10 km SW of Gabbs, Nevada",earthquake,,,,,reviewed,ushis,sjg
1932-12-21T06:10:10.700Z,38.604,-117.952,10,6.8,mw,,,,,iscgem,iscgem906508,2022-04-25T21:09:43.201Z,"27 km NNE of Mina, Nevada",earthquake,,5,0.3,,reviewed,iscgem,iscgem
1932-07-12T19:24:11.160Z,26.162,-110.108,10,6.81,mw,,,,,iscgem,iscgem906288,2022-04-25T22:07:40.231Z,"79 km SSW of Etchoropo, Mexico",earthquake,,9.4,0.2,,reviewed,iscgem,iscgem
1932-07-07T16:15:54.870Z,29.266,-113.269,10,6.85,mw,,,,,iscgem,iscgem906276,2022-04-25T22:07:16.833Z,"90 km SW of La Libertad, Mexico",earthquake,,25,0.35,,reviewed,iscgem,iscgem
1932-06-06T08:44:26.300Z,40.729,-124.287,15,6.45,mw,,,,,iscgem,iscgem906203,2022-04-25T22:05:39.831Z,"6 km W of Fields Landing, California",earthquake,,7.7,0.2,,reviewed,iscgem,iscgem
1932-04-24T06:10:55.070Z,25.082,-111.774,15,6.08,mw,,,,,iscgem,iscgem906116,2022-04-25T22:03:47.912Z,"12 km WNW of Ciudad Constitución, Mexico",earthquake,,25,0.41,,reviewed,iscgem,iscgem
1931-10-01T11:45:41.310Z,29.962,-114.563,15,6.3,mw,,,,,iscgem,iscgem907049,2022-04-25T22:22:48.648Z,"112 km E of El Rosario de Arriba, Mexico",earthquake,,25,0.2,,reviewed,iscgem,iscgem
1931-09-09T13:40:49.600Z,39.781,-123.735,15,5.92,mw,,,,,iscgem,iscgem906999,2022-04-25T21:10:04.110Z,"9 km S of Leggett, California",earthquake,,25,0.2,,reviewed,iscgem,iscgem
1931-09-09T13:40:30.000Z,40.8,-125,,5.8,ms,,,,,ushis,ushis880,2018-06-04T20:43:44.000Z,near the coast of Northern California,earthquake,,,,,reviewed,ushis,gr
1931-08-16T11:40:22.300Z,30.502,-104.575,1,5.8,lg,,,,,ushis,ushis877,2022-04-25T22:20:25.746Z,"12 km SW of Valentine, Texas",earthquake,,,,,reviewed,ushis,ntt
1931-03-10T03:28:53.000Z,40,-125,,5.6,ms,,,,,ushis,ushis867,2018-06-04T20:43:44.000Z,near the coast of Northern California,earthquake,,,,,reviewed,ushis,gr
1931-01-17T02:50:21.670Z,26.683,-110.469,10,6.74,mw,,,,,iscgem,iscgem906572,2022-04-25T22:11:42.589Z,"68 km SW of Paredón Colorado, Mexico",earthquake,,25,0.54,,reviewed,iscgem,iscgem
1930-02-26T02:29:20.560Z,30.192,-116.011,15,5.75,mw,,,,,iscgem,iscgem907238,2022-04-25T22:25:18.489Z,"26 km SSW of Luis Rodríguez (El Vergel), Mexico",earthquake,,25,0.47,,reviewed,iscgem,iscgem
1929-11-28T19:49:00.000Z,36.9,-118.2,,5.5,ml,,,,,ushis,ushis826,2018-06-04T20:43:44.000Z,"10 km N of Independence, California",earthquake,,,,,reviewed,ushis,cdmg
1929-09-27T23:16:16.480Z,24.993,-109.06,15,6.13,mw,,,,,iscgem,iscgem908323,2022-04-25T22:44:59.481Z,"63 km SSW of El Huitusi, Mexico",earthquake,,8,0.2,,reviewed,iscgem,iscgem
1929-02-16T03:00:00.000Z,46.1,-111.3,,5.6,fa,,,,,ushis,ushis796,2018-06-04T20:43:44.000Z,"9 km NE of Ponderosa Pines, Montana",earthquake,,,,,reviewed,ushis,mmt
1928-11-01T04:12:54.860Z,27.066,-105.569,10,6.27,mw,,,,,iscgem,iscgem908949,2022-04-25T22:58:48.812Z,"17 km NNE of Parral, Mexico",earthquake,,25,0.3,,reviewed,iscgem,iscgem
1927-11-06T02:39:37.300Z,33.831,-122.802,15,5.9,mw,,,,,iscgem,iscgem909611,2022-04-25T23:11:33.477Z,"233 km WSW of Vandenberg Air Force Base, California",earthquake,,25,0.7,,reviewed,iscgem,iscgem
1927-11-04T13:51:03.410Z,34.68,-120.705,10,6.9,mw,,,,,iscgem,iscgem909604,2022-04-25T23:11:30.975Z,"18 km WSW of Vandenberg Air Force Base, California",earthquake,,3.6,0.3,,reviewed,iscgem,iscgem
1927-09-18T02:07:11.220Z,37.715,-118.926,15,5.86,mw,,,,,iscgem,iscgem909524,2022-04-25T23:09:50.441Z,"8 km NNE of Mammoth Lakes, California",earthquake,,5.1,0.2,,reviewed,iscgem,iscgem
1927-08-20T20:06:07.110Z,40.715,-123.616,15,5.62,mw,,,,,iscgem,iscgem909459,2022-04-25T23:08:01.623Z,"15 km SW of Burnt Ranch, California",earthquake,,2.4,0.23,,reviewed,iscgem,iscgem
1927-01-01T09:13:36.770Z,32.153,-115.764,10,6.08,mw,,,,,iscgemsup,iscgemsup909038,2022-05-09T17:41:52.151Z,"49 km SSE of Rumorosa, Mexico",earthquake,,3.5,0.32,,reviewed,iscgemsup,iscgemsup
1927-01-01T08:16:50.510Z,32.405,-115.549,10,5.99,mw,,,,,iscgem,iscgem909037,2022-04-25T23:01:10.891Z,"19 km S of Progreso, Mexico",earthquake,,4,0.29,,reviewed,iscgem,iscgem
1926-10-24T22:51:49.500Z,37.017,-122.208,,5.5,ml,,,,,ushis,ushis752,2018-06-04T20:43:44.000Z,"1 km WNW of Davenport, California",earthquake,,,,,reviewed,ushis,cdmg
1926-10-22T13:35:29.310Z,36.924,-122.341,10,6.31,mw,,,,,iscgem,iscgem910175,2022-04-25T23:20:25.950Z,"16 km SW of Davenport, California",earthquake,,3.5,0.21,,reviewed,iscgem,iscgem
1926-10-22T12:35:16.170Z,36.808,-122.205,15,6.35,mw,,,,,iscgem,iscgem910174,2022-04-25T23:20:20.229Z,"22 km S of Davenport, California",earthquake,,3.7,0.36,,reviewed,iscgem,iscgem
1926-10-22T12:35:00.000Z,36.617,-122.35,,6.1,ms,,,,,ushis,ushis750,2018-06-04T20:43:44.000Z,"36 km W of Del Monte Forest, California",earthquake,,,,,reviewed,ushis,gr
1926-07-25T17:57:57.830Z,36.3,-120.77,10,5.83,mw,,,,,iscgemsup,iscgemsup909954,2022-05-09T17:46:47.076Z,"29 km NE of San Lucas, California",earthquake,,3.9,0.2,,reviewed,iscgemsup,iscgemsup
1926-06-29T23:21:00.000Z,34.5,-119.5,,5.5,ml,,,,,ushis,ushis741,2018-06-04T20:43:44.000Z,"10 km NE of Toro Canyon, California",earthquake,,,,,reviewed,ushis,cdmg
1926-04-03T20:09:00.000Z,34,-116,,5.5,ml,,,,,ushis,ushis738,2018-06-04T20:43:44.000Z,"15 km SSE of Twentynine Palms, California",earthquake,,,,,reviewed,ushis,cdmg
1926-02-18T18:20:45.000Z,34,-119.5,,5.5,uk,,,,,ushis,ushis735,2018-06-04T20:43:44.000Z,"30 km SW of Channel Islands Beach, California",earthquake,,,,,reviewed,ushis,jon
1925-08-29T22:36:44.340Z,26.891,-111.229,15,6.26,mw,,,,,iscgem,iscgem910663,2022-04-25T23:27:42.503Z,"74 km E of Mulegé, Mexico",earthquake,,25,0.36,,reviewed,iscgem,iscgem
1925-06-29T14:42:16.000Z,34.3,-119.8,10,6.82,mw,,,,,ci,ci37161284,2022-05-09T21:39:15.598Z,"14km SSE of Isla Vista, CA",earthquake,,,,,reviewed,ci,ci
1925-06-28T01:21:11.800Z,46.067,-111.21,15,6.6,mw,,,,,iscgem,iscgem910562,2022-04-25T23:26:51.901Z,"12 km ENE of Ponderosa Pines, Montana",earthquake,,25,0.3,,reviewed,iscgem,iscgem
1925-06-04T12:02:52.000Z,41.5,-125,,6,ms,,,,,ushis,ushis718,2018-06-04T20:43:44.000Z,"72 km WSW of Crescent City, California",earthquake,,,,,reviewed,ushis,gr
1925-03-01T02:19:18.630Z,47.458,-70.012,15,6.3,mw,,,,,iscgem,iscgem910394,2022-04-25T23:24:48.480Z,"7 km NW of Saint-Pacôme, Canada",earthquake,,4.4,0.3,,reviewed,iscgem,iscgem
1923-11-07T23:57:00.000Z,32.5,-115.5,,5.7,uk,,,,,ushis,ushis697,2018-06-04T20:43:44.000Z,"11 km SE of Progreso, Mexico",earthquake,,,,,reviewed,ushis,jon
1923-08-28T23:15:13.090Z,24.844,-109.098,10,6.77,mw,,,,,iscgem,iscgem911521,2022-04-25T23:37:45.853Z,"80 km SSW of El Huitusi, Mexico",earthquake,,8,0.2,,reviewed,iscgem,iscgem
1923-07-23T07:30:23.910Z,34.089,-117.259,5,6.21,mw,,,,,iscgem,iscgem911466,2022-04-25T23:36:47.882Z,"3 km SE of San Bernardino, California",earthquake,,5.2,0.3,,reviewed,iscgem,iscgem
1923-04-29T02:31:29.000Z,41,-125,,5.6,ms,,,,,ushis,ushis689,2018-06-04T20:43:44.000Z,"71 km WNW of Samoa, California",earthquake,,,,,reviewed,ushis,gr
1923-04-29T02:31:22.860Z,39.954,-124.556,15,5.77,mw,,,,,iscgemsup,iscgemsup911344,2022-05-09T17:55:21.015Z,"42 km WSW of Shelter Cove, California",earthquake,,15.1,0.41,,reviewed,iscgemsup,iscgemsup
1922-03-10T11:21:03.810Z,34.209,-119.143,10,6.53,mw,,,,,iscgem,iscgem911838,2022-04-25T23:40:21.147Z,"3 km ENE of Oxnard, California",earthquake,,5.4,0.2,,reviewed,iscgem,iscgem
1921-03-06T07:25:13.080Z,26.497,-109.958,15,6.26,mw,,,,,iscgem,iscgem912178,2022-04-25T23:43:03.382Z,"40 km SW of Etchoropo, Mexico",earthquake,,25,0.41,,reviewed,iscgem,iscgem
1920-03-20T17:48:39.700Z,40.199,-122.712,15,5.54,mw,,,,,iscgem,iscgem912459,2022-04-25T23:46:03.218Z,"33 km NW of Rancho Tehama Reserve, California",earthquake,,7.1,0.21,,reviewed,iscgem,iscgem
1920-01-24T07:09:16.000Z,48.8,-123,,5.5,ml,,,,,ushis,ushis657,2018-06-04T20:43:44.000Z,"21 km SSE of Point Roberts, Washington",earthquake,,,,,reviewed,ushis,nqt
1918-07-15T00:23:12.820Z,41.325,-124.72,15,6.5,mw,,,,,iscgem,iscgem913200,2022-05-09T22:48:43.509Z,"52 km WNW of Big Lagoon, California",earthquake,,25,0.25,,reviewed,iscgem,iscgem
1918-05-23T11:57:40.020Z,27.58,-111.087,10,7.01,mw,,,,,iscgem,iscgem913151,2022-05-09T22:48:41.856Z,"41 km SSW of Heroica Guaymas, Mexico",earthquake,,25,0.23,,reviewed,iscgem,iscgem
1918-04-21T22:32:30.350Z,33.762,-116.972,10,6.7,mw,,,,,iscgem,iscgem913126,2022-04-25T23:55:26.420Z,"1 km N of Hemet, California",earthquake,,4.8,0.3,,reviewed,iscgem,iscgem
1917-05-28T06:06:00.000Z,32.8,-115.3,,5.5,ml,,,,,ushis,ushis613,2018-06-04T20:43:44.000Z,"7 km E of Holtville, California",earthquake,,,,,reviewed,ushis,cdmg
1916-11-10T09:11:00.000Z,35.5,-116,,6.1,ms,,,,,ushis,ushis603,2018-06-04T20:43:44.000Z,"26 km NNE of Baker, California",earthquake,,,,,reviewed,ushis,gr
1916-10-23T02:54:00.000Z,34.7,-119,,5.5,ml,,,,,ushis,ushis602,2018-06-04T20:43:44.000Z,"13 km S of Lake of the Woods, California",earthquake,,,,,reviewed,ushis,cdmg
1916-10-23T02:44:00.000Z,34.9,-118.9,,5.96,mw,,,,,ushis,ushis601,2018-06-04T20:43:44.000Z,"7 km NNW of Lebec, California",earthquake,,,,,reviewed,ushis,hht
1916-08-03T14:22:38.000Z,41.5,-116.5,,5.8,ml,,,,,ushis,ushis594,2018-06-04T20:43:44.000Z,"59 km SSW of Owyhee, Nevada",earthquake,,,,,reviewed,ushis,sjg
1916-08-03T13:49:19.000Z,41.5,-116.5,,5.6,ml,,,,,ushis,ushis593,2018-06-04T20:43:44.000Z,"59 km SSW of Owyhee, Nevada",earthquake,,,,,reviewed,ushis,sjg
1916-02-03T05:03:04.000Z,41,-117.8,,5.9,fa,,,,,ushis,ushis583,2018-06-04T20:43:44.000Z,"6 km WNW of Winnemucca, Nevada",earthquake,,,,,reviewed,ushis,sjg
1915-11-21T00:13:42.980Z,31.932,-114.945,10,6.57,mw,,,,,iscgem,iscgem913953,2022-04-26T00:05:47.383Z,"10 km SSE of Ejido Doctor Alberto Oviedo Mota (El Indiviso), Mexico",earthquake,,3.9,0.4,,reviewed,iscgem,iscgem
1915-10-03T06:53:21.210Z,40.269,-117.584,10,6.8,mw,,,,,iscgem,iscgem913944,2022-04-26T00:05:32.387Z,"64 km SE of Imlay, Nevada",earthquake,,3.9,0.3,,reviewed,iscgem,iscgem
1915-10-03T01:48:17.670Z,40.529,-118.669,15,6,mw,,,,,iscgem,iscgem913943,2022-04-26T00:05:30.869Z,"36 km WSW of Humboldt, Nevada",earthquake,,25,0.38,,reviewed,iscgem,iscgem
1915-08-18T14:04:00.000Z,48.5,-121.4,,5.6,ml,,,,,ushis,ushis575,2018-06-04T20:43:44.000Z,"4 km SE of Marblemount, Washington",earthquake,,,,,reviewed,ushis,nqt
1915-06-23T04:56:00.000Z,32.8,-115.5,,5.5,mw,,,,,ushis,ushis572,2021-10-20T20:49:09.343Z,"5 km E of El Centro, California",earthquake,,,,,reviewed,ushis,hht
1915-06-23T03:59:00.000Z,32.8,-115.5,,5.5,mw,,,,,ushis,ushis571,2018-06-04T20:43:44.000Z,"5 km E of El Centro, California",earthquake,,,,,reviewed,ushis,hht
1915-06-23T03:58:42.130Z,34.731,-114.966,10,6,mw,,,,,iscgemsup,iscgemsup610326401,2022-05-09T15:19:44.456Z,"34 km WSW of Needles, California",earthquake,,25,0.34,,reviewed,iscgemsup,iscgemsup
1914-04-24T08:35:00.000Z,39.5,-119.8,,6.4,fa,,,,,ushis,ushis559,2018-06-04T20:43:44.000Z,"3 km SSE of Reno, Nevada",earthquake,,,,,reviewed,ushis,sjg
1914-04-24T08:34:02.930Z,39.321,-119.929,15,5.88,mw,,,,,iscgemsup,iscgemsup610326396,2022-05-09T15:19:40.258Z,"8 km NNE of Incline Village, Nevada",earthquake,,3.9,0.2,,reviewed,iscgemsup,iscgemsup
1914-02-18T18:17:00.000Z,39.5,-119.8,,6,fa,,,,,ushis,ushis556,2018-06-04T20:43:44.000Z,"3 km SSE of Reno, Nevada",earthquake,,,,,reviewed,ushis,sjg
1912-01-05T03:52:00.000Z,37.33,-118.42,,5.5,ml,,,,,ushis,ushis528,2018-06-04T20:43:44.000Z,"4 km SSW of Bishop, California",earthquake,,,,,reviewed,ushis,cdmg
1911-07-01T21:59:58.350Z,37.111,-121.637,10,6.45,mw,,,,,iscgem,iscgem16958150,2022-04-25T20:33:08.894Z,"2 km SE of Morgan Hill, California",earthquake,,4.6,0.2,,reviewed,iscgem,iscgem
1910-05-06T16:40:00.000Z,37.33,-118.42,,5.6,ml,,,,,ushis,ushis503,2018-06-04T20:43:44.000Z,"4 km SSW of Bishop, California",earthquake,,,,,reviewed,ushis,cdmg
1910-03-19T00:11:00.000Z,40,-125,,6,ms,,,,,ushis,ushis500,2018-06-04T20:43:44.000Z,"79 km W of Shelter Cove, California",earthquake,,,,,reviewed,ushis,cfr
1910-03-11T06:52:00.000Z,36.9,-121.8,,5.8,ms,,,,,ushis,ushis499,2018-06-04T20:43:44.000Z,"4 km WSW of Watsonville, California",earthquake,,,,,reviewed,ushis,ell
1909-10-29T06:45:00.000Z,40.5,-124.2,,6.4,ml,,,,,ushis,ushis495,2018-06-04T20:43:44.000Z,"7 km W of Rio Dell, California",earthquake,,,,,reviewed,ushis,cdmg
1909-06-23T07:24:00.000Z,39.4,-120.8,,5.7,ml,,,,,ushis,ushis489,2018-06-04T20:43:44.000Z,"4 km N of Washington, California",earthquake,,,,,reviewed,ushis,cdmg
1909-05-16T04:15:00.000Z,49,-104,,5.5,lg,,,,,ushis,ushis486,2018-06-04T20:43:44.000Z,"14 km NNE of Westby, Montana",earthquake,,,,,reviewed,ushis,epb
1909-01-11T23:44:00.000Z,49,-122.7,,6,ml,,,,,ushis,ushis480,2018-06-04T20:43:44.000Z,"3 km ENE of Blaine, Washington",earthquake,,,,,reviewed,ushis,nqt
1908-11-04T08:37:00.000Z,36,-117,,6.5,ms,,,,,ushis,ushis478,2018-06-04T20:43:44.000Z,"44 km NE of Searles Valley, California",earthquake,,,,,reviewed,ushis,cfr
1907-10-16T13:57:22.760Z,29.379,-113.059,15,7.44,mw,,,,,iscgem,iscgem914271,2022-04-26T00:10:29.409Z,"69 km SSW of La Libertad, Mexico",earthquake,,25,0.38,,reviewed,iscgem,iscgem
1906-04-23T09:10:00.000Z,41,-124,,6.4,ms,,,,,ushis,ushis452,2018-06-04T20:43:44.000Z,"4 km NE of Fieldbrook, California",earthquake,,,,,reviewed,ushis,ell
1906-04-19T00:30:00.000Z,32.9,-115.5,,6.28,mw,,,,,ushis,ushis451,2018-06-04T20:43:44.000Z,"8 km NE of Imperial, California",earthquake,,,,,reviewed,ushis,hht
1906-04-18T13:12:26.300Z,37.75,-122.55,11.7,7.9,mw,,,,,official,official19060418131226300_12,2022-10-21T06:14:26.508Z,The 1906 San Francisco Earthquake,earthquake,10,7,,,reviewed,official,official
1906-04-10T21:22:53.950Z,24.684,-110.436,15,7.29,mw,,,,,iscgem,iscgem16957902,2022-04-25T20:24:49.639Z,"61 km NNW of La Paz, Mexico",earthquake,,25,0.39,,reviewed,iscgem,iscgem
1903-08-03T06:49:00.000Z,37.3,-121.8,,5.8,ml,,,,,ushis,ushis421,2018-06-04T20:43:44.000Z,"3 km ENE of Seven Trees, California",earthquake,,,,,reviewed,ushis,cdmg
1903-06-11T13:12:00.000Z,37.4,-121.9,,5.8,ml,,,,,ushis,ushis418,2018-06-04T20:43:44.000Z,"3 km S of Milpitas, California",earthquake,,,,,reviewed,ushis,cdmg
1901-03-03T07:45:00.000Z,36,-120.5,,6.4,ms,,,,,ushis,ushis393,2018-06-04T20:43:44.000Z,"12 km NNW of Parkfield, California",earthquake,,,,,reviewed,ushis,ell
